{"6b219092-5bc5-440a":{"x":0,"y":0,"width":1366,"height":657,"top":0,"right":1366,"bottom":657,"left":0},"6165e917-c9e7-4dce":{"x":0,"y":0,"width":1366,"height":657,"top":0,"right":1366,"bottom":657,"left":0},"14c08089-9e51-4bb6":{"x":0,"y":0,"width":1366,"height":120,"top":0,"right":1366,"bottom":120,"left":0},"5c38bae8-c033-4f1b":{"x":0,"y":27,"width":1366,"height":73.1875,"top":27,"right":1366,"bottom":100.1875,"left":0},"ddbf1705-cca3-454b":{"x":193,"y":27,"width":980,"height":73.1875,"top":27,"right":1173,"bottom":100.1875,"left":193},"83135f71-289c-4d3a":{"x":583,"y":27,"width":200,"height":14,"top":27,"right":783,"bottom":41,"left":583},"357111ea-ad93-4663":{"x":193,"y":56,"width":980,"height":22.09375,"top":56,"right":1173,"bottom":78.09375,"left":193},"3a65c41c-1e09-45d3":{"x":666.609375,"y":56,"width":16.390625,"height":22.09375,"top":56,"right":683,"bottom":78.09375,"left":666.609375},"90611df3-acf9-4139":{"x":683,"y":56,"width":16.390625,"height":22.09375,"top":56,"right":699.390625,"bottom":78.09375,"left":683},"d977ad01-c35a-4c42":{"x":193,"y":78.09375,"width":980,"height":22.09375,"top":78.09375,"right":1173,"bottom":100.1875,"left":193},"1563e824-53a6-4599":{"x":661.921875,"y":81.09375,"width":38.515625,"height":15,"top":81.09375,"right":700.4375,"bottom":96.09375,"left":661.921875}}