{"6b219092-5bc5-440a":{"x":0,"y":0,"width":1349,"height":657,"top":0,"right":1349,"bottom":657,"left":0},"6165e917-c9e7-4dce":{"x":0,"y":0,"width":1349,"height":657,"top":0,"right":1349,"bottom":657,"left":0},"155c6515-6903-4394":{"x":0,"y":0,"width":1349,"height":707.28125,"top":0,"right":1349,"bottom":707.28125,"left":0},"99a4eb1c-82dc-4f5c":{"x":0,"y":0,"width":1349,"height":90,"top":0,"right":1349,"bottom":90,"left":0},"8bef1742-89c3-45f8":{"x":0,"y":0,"width":1349,"height":90,"top":0,"right":1349,"bottom":90,"left":0},"f8ae24d6-953e-4236":{"x":564.5,"y":21,"width":220,"height":40,"top":21,"right":784.5,"bottom":61,"left":564.5},"7677f0d5-5b77-4604":{"x":0,"y":90,"width":1349,"height":617.28125,"top":90,"right":1349,"bottom":707.28125,"left":0},"2db998e8-956b-4b35":{"x":10,"y":120,"width":1329,"height":557.28125,"top":120,"right":1339,"bottom":677.28125,"left":10},"65a4dc06-d16a-4d44":{"x":364.5,"y":120,"width":620,"height":557.28125,"top":120,"right":984.5,"bottom":677.28125,"left":364.5},"85a55cc2-08d7-43cc":{"x":364.5,"y":120,"width":620,"height":557.28125,"top":120,"right":984.5,"bottom":677.28125,"left":364.5},"e2dc1543-487c-42ef":{"x":364.5,"y":120,"width":620,"height":378.09375,"top":120,"right":984.5,"bottom":498.09375,"left":364.5},"252c336d-3747-451c":{"x":364.5,"y":120,"width":620,"height":378.09375,"top":120,"right":984.5,"bottom":498.09375,"left":364.5},"8233127d-2aae-4087":{"x":444.5,"y":140,"width":460,"height":28,"top":140,"right":904.5,"bottom":168,"left":444.5},"342bdff8-639e-443a":{"x":444.5,"y":140,"width":460,"height":28,"top":140,"right":904.5,"bottom":168,"left":444.5},"7108b112-5510-4b62":{"x":444.5,"y":168,"width":460,"height":310.09375,"top":168,"right":904.5,"bottom":478.09375,"left":444.5},"e205aa08-bc91-407b":{"x":424.5,"y":168,"width":480,"height":310.09375,"top":168,"right":904.5,"bottom":478.09375,"left":424.5},"aa9ee2b1-a0da-4f4c":{"x":424.5,"y":188,"width":480,"height":66.09375,"top":188,"right":904.5,"bottom":254.09375,"left":424.5},"26937dbc-b08a-46d6":{"x":444.5,"y":192,"width":106.0625,"height":13,"top":192,"right":550.5625,"bottom":205,"left":444.5},"f43c332d-5595-4421":{"x":550.5625,"y":192,"width":25,"height":13,"top":192,"right":575.5625,"bottom":205,"left":550.5625},"0ec6c8b8-7130-44fa":{"x":555.5625,"y":191,"width":15,"height":14,"top":191,"right":570.5625,"bottom":205,"left":555.5625},"bc050820-ab4b-4795":{"x":444.5,"y":210.09375,"width":460,"height":44,"top":210.09375,"right":904.5,"bottom":254.09375,"left":444.5},"ed89c578-a123-445d":{"x":444.5,"y":210.09375,"width":460,"height":44,"top":210.09375,"right":904.5,"bottom":254.09375,"left":444.5},"9c671b1d-01ce-4516":{"x":424.5,"y":274.09375,"width":480,"height":62,"top":274.09375,"right":904.5,"bottom":336.09375,"left":424.5},"c461da64-6099-47e6":{"x":444.5,"y":274.09375,"width":460,"height":62,"top":274.09375,"right":904.5,"bottom":336.09375,"left":444.5},"4ef8a192-1c7f-4366":{"x":444.5,"y":274.09375,"width":460,"height":16,"top":274.09375,"right":904.5,"bottom":290.09375,"left":444.5},"aa19fbf7-1812-449d":{"x":444.5,"y":292.09375,"width":460,"height":44,"top":292.09375,"right":904.5,"bottom":336.09375,"left":444.5},"1ef552bb-09e7-48af":{"x":869.5,"y":302.09375,"width":25,"height":25,"top":302.09375,"right":894.5,"bottom":327.09375,"left":869.5},"9a821d8e-d8bc-4120":{"x":424.5,"y":356.09375,"width":480,"height":44,"top":356.09375,"right":904.5,"bottom":400.09375,"left":424.5},"a4086820-c25a-4337":{"x":444.5,"y":356.09375,"width":460,"height":44,"top":356.09375,"right":904.5,"bottom":400.09375,"left":444.5},"1ebb07a3-f7b7-4c99":{"x":444.5,"y":356.09375,"width":460,"height":44,"top":356.09375,"right":904.5,"bottom":400.09375,"left":444.5},"78403728-1e0d-4e65":{"x":653.15625,"y":371.09375,"width":42.6875,"height":14,"top":371.09375,"right":695.84375,"bottom":385.09375,"left":653.15625},"5a601c7a-ab5e-4866":{"x":424.5,"y":420.09375,"width":480,"height":58,"top":420.09375,"right":904.5,"bottom":478.09375,"left":424.5},"1e2a691e-9902-423b":{"x":444.5,"y":425.09375,"width":460,"height":48,"top":425.09375,"right":904.5,"bottom":473.09375,"left":444.5},"bad5f0a0-f363-4058":{"x":444.5,"y":425.09375,"width":460,"height":28,"top":425.09375,"right":904.5,"bottom":453.09375,"left":444.5},"0c40e0ea-b699-4d52":{"x":564.671875,"y":428.09375,"width":70.9375,"height":14,"top":428.09375,"right":635.609375,"bottom":442.09375,"left":564.671875},"48d375e6-8706-48b7":{"x":638.21875,"y":428.09375,"width":61.390625,"height":14,"top":428.09375,"right":699.609375,"bottom":442.09375,"left":638.21875},"36c68bb9-bfc4-48dc":{"x":702.21875,"y":428.09375,"width":12.765625,"height":14,"top":428.09375,"right":714.984375,"bottom":442.09375,"left":702.21875},"fa6c89d3-2687-4d2e":{"x":717.59375,"y":428.09375,"width":59.296875,"height":14,"top":428.09375,"right":776.890625,"bottom":442.09375,"left":717.59375},"fdf430f0-7a09-44ec":{"x":444.5,"y":453.09375,"width":460,"height":20,"top":453.09375,"right":904.5,"bottom":473.09375,"left":444.5},"795975a3-de98-457d":{"x":574.9375,"y":456.09375,"width":15.265625,"height":14,"top":456.09375,"right":590.203125,"bottom":470.09375,"left":574.9375},"dcc69df3-4a74-4d2b":{"x":592.8125,"y":456.09375,"width":181.234375,"height":14,"top":456.09375,"right":774.046875,"bottom":470.09375,"left":592.8125},"cacefe2e-89cf-4ee8":{"x":364.5,"y":498.09375,"width":620,"height":179.1875,"top":498.09375,"right":984.5,"bottom":677.28125,"left":364.5},"19d5508a-f5f6-4fc1":{"x":444.5,"y":519.09375,"width":460,"height":44.1875,"top":519.09375,"right":904.5,"bottom":563.28125,"left":444.5},"0c60a7a1-da59-4a51":{"x":444.5,"y":589.28125,"width":460,"height":68,"top":589.28125,"right":904.5,"bottom":657.28125,"left":444.5},"746eb0c7-eea6-45c1":{"x":444.5,"y":589.28125,"width":460,"height":36,"top":589.28125,"right":904.5,"bottom":625.28125,"left":444.5},"912ad216-739f-4d9f":{"x":484.5,"y":592.28125,"width":50,"height":30,"top":592.28125,"right":534.5,"bottom":622.28125,"left":484.5},"6c314ff1-8ef1-45c1":{"x":544.5,"y":594.28125,"width":124,"height":26,"top":594.28125,"right":668.5,"bottom":620.28125,"left":544.5},"45eb04db-b7ab-47ae":{"x":678.5,"y":597.28125,"width":140,"height":20,"top":597.28125,"right":818.5,"bottom":617.28125,"left":678.5},"d374270f-12ff-40d7":{"x":828.5,"y":589.28125,"width":36,"height":36,"top":589.28125,"right":864.5,"bottom":625.28125,"left":828.5},"145190c4-dbf1-4894":{"x":444.5,"y":633.28125,"width":460,"height":24,"top":633.28125,"right":904.5,"bottom":657.28125,"left":444.5},"e29c9f66-f52c-4e05":{"x":473.5,"y":635.28125,"width":240,"height":20,"top":635.28125,"right":713.5,"bottom":655.28125,"left":473.5},"88ab4cd4-8154-4e05":{"x":723.5,"y":633.28125,"width":152,"height":24,"top":633.28125,"right":875.5,"bottom":657.28125,"left":723.5}}