{"6b219092-5bc5-440a":{"x":0,"y":0,"width":1349,"height":657,"top":0,"right":1349,"bottom":657,"left":0},"6165e917-c9e7-4dce":{"x":0,"y":0,"width":1349,"height":657,"top":0,"right":1349,"bottom":657,"left":0},"155c6515-6903-4394":{"x":0,"y":0,"width":1349,"height":1062.96875,"top":0,"right":1349,"bottom":1062.96875,"left":0},"99a4eb1c-82dc-4f5c":{"x":0,"y":0,"width":1349,"height":90,"top":0,"right":1349,"bottom":90,"left":0},"8bef1742-89c3-45f8":{"x":0,"y":0,"width":1349,"height":90,"top":0,"right":1349,"bottom":90,"left":0},"f8ae24d6-953e-4236":{"x":564.5,"y":21,"width":220,"height":40,"top":21,"right":784.5,"bottom":61,"left":564.5},"7677f0d5-5b77-4604":{"x":0,"y":90,"width":1349,"height":972.96875,"top":90,"right":1349,"bottom":1062.96875,"left":0},"2db998e8-956b-4b35":{"x":10,"y":120,"width":1329,"height":912.96875,"top":120,"right":1339,"bottom":1032.96875,"left":10},"65a4dc06-d16a-4d44":{"x":364.5,"y":120,"width":620,"height":912.96875,"top":120,"right":984.5,"bottom":1032.96875,"left":364.5},"85a55cc2-08d7-43cc":{"x":364.5,"y":120,"width":620,"height":912.96875,"top":120,"right":984.5,"bottom":1032.96875,"left":364.5},"221be5ae-998a-477c":{"x":364.5,"y":120,"width":620,"height":733.78125,"top":120,"right":984.5,"bottom":853.78125,"left":364.5},"33e1d4fb-1bdd-460e":{"x":364.5,"y":120,"width":620,"height":554.390625,"top":120,"right":984.5,"bottom":674.390625,"left":364.5},"ce7e77fc-75fc-4775":{"x":444.5,"y":140,"width":460,"height":28,"top":140,"right":904.5,"bottom":168,"left":444.5},"2e61cb59-5299-47ca":{"x":444.5,"y":140,"width":460,"height":28,"top":140,"right":904.5,"bottom":168,"left":444.5},"0c50af21-abcc-4258":{"x":444.5,"y":168,"width":460,"height":486.390625,"top":168,"right":904.5,"bottom":654.390625,"left":444.5},"237a2a7b-257a-433d":{"x":424.5,"y":168,"width":480,"height":486.390625,"top":168,"right":904.5,"bottom":654.390625,"left":424.5},"8c9843e4-e792-4ace":{"x":424.5,"y":188,"width":480,"height":66.09375,"top":188,"right":904.5,"bottom":254.09375,"left":424.5},"cb16838e-7829-4fa5":{"x":444.5,"y":192,"width":106.0625,"height":13,"top":192,"right":550.5625,"bottom":205,"left":444.5},"69abd304-66e6-404f":{"x":550.5625,"y":192,"width":25,"height":13,"top":192,"right":575.5625,"bottom":205,"left":550.5625},"27cf3ff1-1744-495d":{"x":555.5625,"y":191,"width":15,"height":14,"top":191,"right":570.5625,"bottom":205,"left":555.5625},"d077de4d-216b-4d25":{"x":444.5,"y":210.09375,"width":460,"height":44,"top":210.09375,"right":904.5,"bottom":254.09375,"left":444.5},"ed1014df-ed40-4ce0":{"x":444.5,"y":210.09375,"width":460,"height":44,"top":210.09375,"right":904.5,"bottom":254.09375,"left":444.5},"cbff81c5-4b62-44e4":{"x":424.5,"y":274.09375,"width":480,"height":108,"top":274.09375,"right":904.5,"bottom":382.09375,"left":424.5},"afbe3ba3-572c-4aeb":{"x":444.5,"y":274.09375,"width":460,"height":108,"top":274.09375,"right":904.5,"bottom":382.09375,"left":444.5},"31b339a0-d7d2-4321":{"x":444.5,"y":274.09375,"width":460,"height":44,"top":274.09375,"right":904.5,"bottom":318.09375,"left":444.5},"458d8874-dc20-451c":{"x":596.921875,"y":289.09375,"width":155.140625,"height":14,"top":289.09375,"right":752.0625,"bottom":303.09375,"left":596.921875},"860fc8a9-6215-433b":{"x":444.5,"y":338.09375,"width":460,"height":44,"top":338.09375,"right":904.5,"bottom":382.09375,"left":444.5},"1f8ecd66-6606-43aa":{"x":595.671875,"y":354.09375,"width":157.640625,"height":14,"top":354.09375,"right":753.3125,"bottom":368.09375,"left":595.671875},"f63bfcd0-952b-435b":{"x":424.5,"y":402.09375,"width":480,"height":38,"top":402.09375,"right":904.5,"bottom":440.09375,"left":424.5},"534f1123-e265-4d85":{"x":444.5,"y":407.09375,"width":460,"height":28,"top":407.09375,"right":904.5,"bottom":435.09375,"left":444.5},"ab99ead1-4d69-43c4":{"x":444.5,"y":407.09375,"width":460,"height":28,"top":407.09375,"right":904.5,"bottom":435.09375,"left":444.5},"d0b69fc9-956e-4e2d":{"x":564.671875,"y":410.09375,"width":70.9375,"height":14,"top":410.09375,"right":635.609375,"bottom":424.09375,"left":564.671875},"11f52d15-b2e2-4655":{"x":638.21875,"y":410.09375,"width":61.390625,"height":14,"top":410.09375,"right":699.609375,"bottom":424.09375,"left":638.21875},"11cddb73-16dd-48c0":{"x":702.21875,"y":410.09375,"width":12.765625,"height":14,"top":410.09375,"right":714.984375,"bottom":424.09375,"left":702.21875},"f8b2ffce-7dc6-4ded":{"x":717.59375,"y":410.09375,"width":59.296875,"height":14,"top":410.09375,"right":776.890625,"bottom":424.09375,"left":717.59375},"303156e3-8251-4c3e":{"x":424.5,"y":440.09375,"width":480,"height":214.296875,"top":440.09375,"right":904.5,"bottom":654.390625,"left":424.5},"172d4ebf-1b4b-4282":{"x":444.5,"y":460.09375,"width":460,"height":2.296875,"top":460.09375,"right":904.5,"bottom":462.390625,"left":444.5},"f53c02ed-ad44-495f":{"x":444.5,"y":460.09375,"width":460,"height":2.296875,"top":460.09375,"right":904.5,"bottom":462.390625,"left":444.5},"9ddae61d-f5ac-4f04":{"x":623.265625,"y":453.09375,"width":102.46875,"height":14,"top":453.09375,"right":725.734375,"bottom":467.09375,"left":623.265625},"37fde368-2b6e-4d19":{"x":424.5,"y":482.390625,"width":480,"height":44,"top":482.390625,"right":904.5,"bottom":526.390625,"left":424.5},"0748eaff-0f43-42b5":{"x":444.5,"y":482.390625,"width":460,"height":44,"top":482.390625,"right":904.5,"bottom":526.390625,"left":444.5},"8c2d2cc1-e221-4c7c":{"x":445.5,"y":483.390625,"width":45,"height":42,"top":483.390625,"right":490.5,"bottom":525.390625,"left":445.5},"0856ddc8-0077-4875":{"x":455.5,"y":493.390625,"width":22,"height":22,"top":493.390625,"right":477.5,"bottom":515.390625,"left":455.5},"1a732391-0995-4419":{"x":628.625,"y":498.390625,"width":133.75,"height":14,"top":498.390625,"right":762.375,"bottom":512.390625,"left":628.625},"ec061878-e174-440d":{"x":424.5,"y":546.390625,"width":480,"height":44,"top":546.390625,"right":904.5,"bottom":590.390625,"left":424.5},"dc849cd9-350c-48e1":{"x":444.5,"y":546.390625,"width":460,"height":44,"top":546.390625,"right":904.5,"bottom":590.390625,"left":444.5},"95d798cc-431b-445a":{"x":445.5,"y":547.390625,"width":45,"height":42,"top":547.390625,"right":490.5,"bottom":589.390625,"left":445.5},"cc9d9818-a5e8-457c":{"x":457.5,"y":559.390625,"width":20,"height":20,"top":559.390625,"right":477.5,"bottom":579.390625,"left":457.5},"d9b92cb0-0a01-4ab6":{"x":636.328125,"y":562.390625,"width":118.328125,"height":14,"top":562.390625,"right":754.65625,"bottom":576.390625,"left":636.328125},"edbcd1ba-abf4-4779":{"x":424.5,"y":610.390625,"width":480,"height":44,"top":610.390625,"right":904.5,"bottom":654.390625,"left":424.5},"d4625945-de57-4bab":{"x":444.5,"y":610.390625,"width":460,"height":44,"top":610.390625,"right":904.5,"bottom":654.390625,"left":444.5},"13e6a144-69b1-47a4":{"x":445.5,"y":611.390625,"width":45,"height":42,"top":611.390625,"right":490.5,"bottom":653.390625,"left":445.5},"a40ff2c4-8108-4a96":{"x":449.5,"y":612.390625,"width":35,"height":42,"top":612.390625,"right":484.5,"bottom":654.390625,"left":449.5},"20951791-6ad1-4668":{"x":640.03125,"y":626.390625,"width":110.921875,"height":14,"top":626.390625,"right":750.953125,"bottom":640.390625,"left":640.03125}}