{"644863c6-b094-480c":{"x":0,"y":0,"width":1519.2000732421875,"height":745.6000366210938,"top":0,"right":1519.2000732421875,"bottom":745.6000366210938,"left":0},"46eda412-0980-4241":{"x":0,"y":114,"width":1519.2000732421875,"height":745.6000366210938,"top":114,"right":1519.2000732421875,"bottom":859.6000366210938,"left":0},"eb096da0-7407-45f0":{"x":0,"y":114,"width":1519.2000732421875,"height":1237,"top":114,"right":1519.2000732421875,"bottom":1351,"left":0},"2a770ab7-47d1-48e9":{"x":0,"y":114,"width":1519.2000732421875,"height":1165,"top":114,"right":1519.2000732421875,"bottom":1279,"left":0},"daf74fee-0488-43d9":{"x":0,"y":114,"width":1519.2000732421875,"height":1165,"top":114,"right":1519.2000732421875,"bottom":1279,"left":0},"d3fee8ef-d9d3-48a3":{"x":0,"y":0,"width":1519.2000732421875,"height":74.4000015258789,"top":0,"right":1519.2000732421875,"bottom":74.4000015258789,"left":0},"c21e9589-0b52-4558":{"x":13,"y":23.399999618530273,"width":31,"height":26.80000114440918,"top":23.399999618530273,"right":44,"bottom":50.20000076293945,"left":13},"a2c58be8-d7d5-4711":{"x":13,"y":24.399999618530273,"width":31,"height":24,"top":24.399999618530273,"right":44,"bottom":48.39999961853027,"left":13},"e7eab7ad-8c75-4116":{"x":49,"y":15,"width":1301.175048828125,"height":43.60000228881836,"top":15,"right":1350.175048828125,"bottom":58.60000228881836,"left":49},"531fdf47-6e15-446a":{"x":49,"y":15,"width":1301.175048828125,"height":18,"top":15,"right":1350.175048828125,"bottom":33,"left":49},"45146bfc-28e9-4a68":{"x":49,"y":31.399999618530273,"width":126.80000305175781,"height":26.399999618530273,"top":31.399999618530273,"right":175.8000030517578,"bottom":57.79999923706055,"left":49},"9c315bd7-08d3-4849":{"x":1350.175048828125,"y":16.200000762939453,"width":161.02500915527344,"height":41.20000076293945,"top":16.200000762939453,"right":1511.2000579833984,"bottom":57.400001525878906,"left":1350.175048828125},"c30dd282-0206-4062":{"x":1355.175048828125,"y":21.200000762939453,"width":76.2249984741211,"height":31.200000762939453,"top":21.200000762939453,"right":1431.400047302246,"bottom":52.400001525878906,"left":1355.175048828125},"4937db5e-b2b2-402f":{"x":1444.5999755859375,"y":22.700000762939453,"width":61.60000228881836,"height":31.200000762939453,"top":22.700000762939453,"right":1506.1999778747559,"bottom":53.900001525878906,"left":1444.5999755859375},"1b4ca570-55cc-40a3":{"x":1461.2000732421875,"y":28.5,"width":28.399999618530273,"height":18.399999618530273,"top":28.5,"right":1489.6000728607178,"bottom":46.89999961853027,"left":1461.2000732421875},"c2e7c508-6c3b-4b42":{"x":179.60000610351562,"y":114,"width":1160,"height":1165,"top":114,"right":1339.6000061035156,"bottom":1279,"left":179.60000610351562},"d5f51e81-5d2c-43e4":{"x":189.60000610351562,"y":114,"width":285,"height":424.8000183105469,"top":114,"right":474.6000061035156,"bottom":538.8000183105469,"left":189.60000610351562},"819d6a27-b2f0-476b":{"x":204.10000610351562,"y":114,"width":256,"height":400,"top":114,"right":460.1000061035156,"bottom":514,"left":204.10000610351562},"f683f4b9-1177-46c6":{"x":204.90000915527344,"y":114.80000305175781,"width":256,"height":400,"top":114.80000305175781,"right":460.90000915527344,"bottom":514.8000030517578,"left":204.90000915527344},"acb6bd22-fe98-40d7":{"x":268.5,"y":271,"width":127.20000457763672,"height":86,"top":271,"right":395.7000045776367,"bottom":357,"left":268.5},"1f1e4fc3-e1b8-49e9":{"x":302.1000061035156,"y":311,"width":60,"height":20,"top":311,"right":362.1000061035156,"bottom":331,"left":302.1000061035156},"92613a2f-25f1-4305":{"x":302.1000061035156,"y":271,"width":60,"height":60,"top":271,"right":362.1000061035156,"bottom":331,"left":302.1000061035156},"01e747f2-e27e-4a12":{"x":268.5,"y":333.3999938964844,"width":127.20000457763672,"height":24,"top":333.3999938964844,"right":395.7000045776367,"bottom":357.3999938964844,"left":268.5},"101f6929-94d8-4b72":{"x":322.1000061035156,"y":350,"width":19.200000762939453,"height":9.600000381469727,"top":350,"right":341.3000068664551,"bottom":359.6000003814697,"left":322.1000061035156},"4defd24a-9a44-47a3":{"x":254.5,"y":359,"width":160,"height":64.5999984741211,"top":359,"right":414.5,"bottom":423.5999984741211,"left":254.5},"c9c61bd1-2100-4b0d":{"x":255.3000030517578,"y":359.8000183105469,"width":158.40000915527344,"height":30.80000114440918,"top":359.8000183105469,"right":413.70001220703125,"bottom":390.60001945495605,"left":255.3000030517578},"0af5e9d5-920b-4df9":{"x":255.3000030517578,"y":359.8000183105469,"width":158.40000915527344,"height":30,"top":359.8000183105469,"right":413.70001220703125,"bottom":389.8000183105469,"left":255.3000030517578},"073744cd-967c-4dee":{"x":255.3000030517578,"y":390.6000061035156,"width":158.40000915527344,"height":32.20000076293945,"top":390.6000061035156,"right":413.70001220703125,"bottom":422.8000068664551,"left":255.3000030517578},"78925309-ba29-4dcc":{"x":255.3000030517578,"y":390.6000061035156,"width":158.40000915527344,"height":32.20000076293945,"top":390.6000061035156,"right":413.70001220703125,"bottom":422.8000068664551,"left":255.3000030517578},"087d3f98-7be4-4ec6":{"x":255.3000030517578,"y":390.6000061035156,"width":158.40000915527344,"height":32.20000076293945,"top":390.6000061035156,"right":413.70001220703125,"bottom":422.8000068664551,"left":255.3000030517578},"8f213a67-e6e2-4818":{"x":255.3000030517578,"y":390.6000061035156,"width":158.40000915527344,"height":30,"top":390.6000061035156,"right":413.70001220703125,"bottom":420.6000061035156,"left":255.3000030517578},"525cfd02-b79a-41bc":{"x":285.2875061035156,"y":395.6000061035156,"width":20,"height":20,"top":395.6000061035156,"right":305.2875061035156,"bottom":415.6000061035156,"left":285.2875061035156},"10e24e34-f4e1-4337":{"x":437.3000183105469,"y":487.8000183105469,"width":16,"height":24,"top":487.8000183105469,"right":453.3000183105469,"bottom":511.8000183105469,"left":437.3000183105469},"b24e0021-6c70-45e2":{"x":437.3000183105469,"y":490.20001220703125,"width":16,"height":16,"top":490.20001220703125,"right":453.3000183105469,"bottom":506.20001220703125,"left":437.3000183105469},"c17e74ec-28c4-4d13":{"x":569.6000366210938,"y":114,"width":760,"height":1165,"top":114,"right":1329.6000366210938,"bottom":1279,"left":569.6000366210938},"002419fb-4524-43da":{"x":569.6000366210938,"y":114,"width":760,"height":1165,"top":114,"right":1329.6000366210938,"bottom":1279,"left":569.6000366210938},"e9296335-0f0a-41ac":{"x":569.6000366210938,"y":114,"width":760,"height":1165,"top":114,"right":1329.6000366210938,"bottom":1279,"left":569.6000366210938},"1eeb89f4-5fe4-4ef4":{"x":569.6000366210938,"y":114,"width":760,"height":74.5999984741211,"top":114,"right":1329.6000366210938,"bottom":188.5999984741211,"left":569.6000366210938},"04600bbc-0228-42e2":{"x":569.6000366210938,"y":114,"width":760,"height":74.5999984741211,"top":114,"right":1329.6000366210938,"bottom":188.5999984741211,"left":569.6000366210938},"8d2c22ee-8461-4815":{"x":573.6000366210938,"y":119,"width":133.91250610351562,"height":68.80000305175781,"top":119,"right":707.5125427246094,"bottom":187.8000030517578,"left":573.6000366210938},"949af01a-1759-407b":{"x":569.6000366210938,"y":188.60000610351562,"width":760,"height":1090.4000244140625,"top":188.60000610351562,"right":1329.6000366210938,"bottom":1279.0000305175781,"left":569.6000366210938},"c5ca1125-8e4b-41e1":{"x":607.6000366210938,"y":203.8000030517578,"width":684,"height":643,"top":203.8000030517578,"right":1291.6000366210938,"bottom":846.8000030517578,"left":607.6000366210938},"2d798e12-f131-4f67":{"x":607.6000366210938,"y":203.8000030517578,"width":684,"height":70.5999984741211,"top":203.8000030517578,"right":1291.6000366210938,"bottom":274.4000015258789,"left":607.6000366210938},"11f0f339-a50d-43bd":{"x":607.6000366210938,"y":206.8000030517578,"width":40.88750076293945,"height":24,"top":206.8000030517578,"right":648.4875373840332,"bottom":230.8000030517578,"left":607.6000366210938},