{"7b4c9083-d5e2-41c6":{"x":0,"y":0,"width":1536,"height":336,"top":0,"right":1536,"bottom":336,"left":0},"3d7f1e7b-2208-4e57":{"x":0,"y":76.80000305175781,"width":1536,"height":182.40000915527344,"top":76.80000305175781,"right":1536,"bottom":259.20001220703125,"left":0},"c8daef43-2fca-4648":{"x":0,"y":76.80000305175781,"width":1536,"height":182.40000915527344,"top":76.80000305175781,"right":1536,"bottom":259.20001220703125,"left":0},"b2a7fae7-030a-469f":{"x":0,"y":76.80000305175781,"width":1536,"height":64,"top":76.80000305175781,"right":1536,"bottom":140.8000030517578,"left":0},"65a2bbc0-f0ad-44b7":{"x":0,"y":188.8000030517578,"width":1536,"height":25.600000381469727,"top":188.8000030517578,"right":1536,"bottom":214.40000343322754,"left":0},"eb9d18cb-a18f-4c28":{"x":0,"y":233.60000610351562,"width":1536,"height":25.600000381469727,"top":233.60000610351562,"right":1536,"bottom":259.20000648498535,"left":0}}