{"644863c6-b094-480c":{"x":0,"y":-200,"width":1519.2000732421875,"height":745.6000366210938,"top":-200,"right":1519.2000732421875,"bottom":545.6000366210938,"left":0},"46eda412-0980-4241":{"x":0,"y":-86,"width":1519.2000732421875,"height":745.6000366210938,"top":-86,"right":1519.2000732421875,"bottom":659.6000366210938,"left":0},"eb096da0-7407-45f0":{"x":0,"y":-86,"width":1519.2000732421875,"height":1237,"top":-86,"right":1519.2000732421875,"bottom":1151,"left":0},"2a770ab7-47d1-48e9":{"x":0,"y":-86,"width":1519.2000732421875,"height":1165,"top":-86,"right":1519.2000732421875,"bottom":1079,"left":0},"daf74fee-0488-43d9":{"x":0,"y":-86,"width":1519.2000732421875,"height":1165,"top":-86,"right":1519.2000732421875,"bottom":1079,"left":0},"d3fee8ef-d9d3-48a3":{"x":0,"y":0,"width":1519.2000732421875,"height":74.4000015258789,"top":0,"right":1519.2000732421875,"bottom":74.4000015258789,"left":0},"c21e9589-0b52-4558":{"x":13,"y":23.399999618530273,"width":31,"height":26.80000114440918,"top":23.399999618530273,"right":44,"bottom":50.20000076293945,"left":13},"a2c58be8-d7d5-4711":{"x":13,"y":24.399999618530273,"width":31,"height":24,"top":24.399999618530273,"right":44,"bottom":48.39999961853027,"left":13},"e7eab7ad-8c75-4116":{"x":49,"y":15,"width":1301.175048828125,"height":43.60000228881836,"top":15,"right":1350.175048828125,"bottom":58.60000228881836,"left":49},"531fdf47-6e15-446a":{"x":49,"y":15,"width":1301.175048828125,"height":18,"top":15,"right":1350.175048828125,"bottom":33,"left":49},"45146bfc-28e9-4a68":{"x":49,"y":31.399999618530273,"width":126.80000305175781,"height":26.399999618530273,"top":31.399999618530273,"right":175.8000030517578,"bottom":57.79999923706055,"left":49},"9c315bd7-08d3-4849":{"x":1350.175048828125,"y":16.200000762939453,"width":161.02500915527344,"height":41.20000076293945,"top":16.200000762939453,"right":1511.2000579833984,"bottom":57.400001525878906,"left":1350.175048828125},"c30dd282-0206-4062":{"x":1355.175048828125,"y":21.200000762939453,"width":76.2249984741211,"height":31.200000762939453,"top":21.200000762939453,"right":1431.400047302246,"bottom":52.400001525878906,"left":1355.175048828125},"4937db5e-b2b2-402f":{"x":1444.5999755859375,"y":22.700000762939453,"width":61.60000228881836,"height":31.200000762939453,"top":22.700000762939453,"right":1506.1999778747559,"bottom":53.900001525878906,"left":1444.5999755859375},"1b4ca570-55cc-40a3":{"x":1461.2000732421875,"y":28.5,"width":28.399999618530273,"height":18.399999618530273,"top":28.5,"right":1489.6000728607178,"bottom":46.89999961853027,"left":1461.2000732421875},"c2e7c508-6c3b-4b42":{"x":179.60000610351562,"y":-86,"width":1160,"height":1165,"top":-86,"right":1339.6000061035156,"bottom":1079,"left":179.60000610351562},"d5f51e81-5d2c-43e4":{"x":189.60000610351562,"y":-86,"width":285,"height":424.8000183105469,"top":-86,"right":474.6000061035156,"bottom":338.8000183105469,"left":189.60000610351562},"819d6a27-b2f0-476b":{"x":204.10000610351562,"y":-86,"width":256,"height":400,"top":-86,"right":460.1000061035156,"bottom":314,"left":204.10000610351562},"f683f4b9-1177-46c6":{"x":204.90000915527344,"y":-85.20000457763672,"width":256,"height":400,"top":-85.20000457763672,"right":460.90000915527344,"bottom":314.7999954223633,"left":204.90000915527344},"acb6bd22-fe98-40d7":{"x":268.5,"y":71,"width":127.20000457763672,"height":86,"top":71,"right":395.7000045776367,"bottom":157,"left":268.5},"1f1e4fc3-e1b8-49e9":{"x":302.1000061035156,"y":111,"width":60,"height":20,"top":111,"right":362.1000061035156,"bottom":131,"left":302.1000061035156},"92613a2f-25f1-4305":{"x":302.1000061035156,"y":71,"width":60,"height":60,"top":71,"right":362.1000061035156,"bottom":131,"left":302.1000061035156},"01e747f2-e27e-4a12":{"x":268.5,"y":133.40000915527344,"width":127.20000457763672,"height":24,"top":133.40000915527344,"right":395.7000045776367,"bottom":157.40000915527344,"left":268.5},"101f6929-94d8-4b72":{"x":322.1000061035156,"y":150,"width":19.200000762939453,"height":9.600000381469727,"top":150,"right":341.3000068664551,"bottom":159.60000038146973,"left":322.1000061035156},"4defd24a-9a44-47a3":{"x":254.5,"y":159,"width":160,"height":64.5999984741211,"top":159,"right":414.5,"bottom":223.5999984741211,"left":254.5},"c9c61bd1-2100-4b0d":{"x":255.3000030517578,"y":159.8000030517578,"width":158.40000915527344,"height":30.80000114440918,"top":159.8000030517578,"right":413.70001220703125,"bottom":190.600004196167,"left":255.3000030517578},"0af5e9d5-920b-4df9":{"x":255.3000030517578,"y":159.8000030517578,"width":158.40000915527344,"height":30,"top":159.8000030517578,"right":413.70001220703125,"bottom":189.8000030517578,"left":255.3000030517578},"073744cd-967c-4dee":{"x":255.3000030517578,"y":190.60000610351562,"width":158.40000915527344,"height":32.20000076293945,"top":190.60000610351562,"right":413.70001220703125,"bottom":222.80000686645508,"left":255.3000030517578},"78925309-ba29-4dcc":{"x":255.3000030517578,"y":190.60000610351562,"width":158.40000915527344,"height":32.20000076293945,"top":190.60000610351562,"right":413.70001220703125,"bottom":222.80000686645508,"left":255.3000030517578},"087d3f98-7be4-4ec6":{"x":255.3000030517578,"y":190.60000610351562,"width":158.40000915527344,"height":32.20000076293945,"top":190.60000610351562,"right":413.70001220703125,"bottom":222.80000686645508,"left":255.3000030517578},"8f213a67-e6e2-4818":{"x":255.3000030517578,"y":190.60000610351562,"width":158.40000915527344,"height":30,"top":190.60000610351562,"right":413.70001220703125,"bottom":220.60000610351562,"left":255.3000030517578},"525cfd02-b79a-41bc":{"x":285.2875061035156,"y":195.60000610351562,"width":20,"height":20,"top":195.60000610351562,"right":305.2875061035156,"bottom":215.60000610351562,"left":285.2875061035156},"10e24e34-f4e1-4337":{"x":437.3000183105469,"y":287.8000183105469,"width":16,"height":24,"top":287.8000183105469,"right":453.3000183105469,"bottom":311.8000183105469,"left":437.3000183105469},"b24e0021-6c70-45e2":{"x":437.3000183105469,"y":290.20001220703125,"width":16,"height":16,"top":290.20001220703125,"right":453.3000183105469,"bottom":306.20001220703125,"left":437.3000183105469},"c17e74ec-28c4-4d13":{"x":569.6000366210938,"y":-86,"width":760,"height":1165,"top":-86,"right":1329.6000366210938,"bottom":1079,"left":569.6000366210938},"002419fb-4524-43da":{"x":569.6000366210938,"y":-86,"width":760,"height":1165,"top":-86,"right":1329.6000366210938,"bottom":1079,"left":569.6000366210938},"e9296335-0f0a-41ac":{"x":569.6000366210938,"y":-86,"width":760,"height":1165,"top":-86,"right":1329.6000366210938,"bottom":1079,"left":569.6000366210938},"949af01a-1759-407b":{"x":569.6000366210938,"y":-11.40000057220459,"width":760,"height":1090.4000244140625,"top":-11.40000057220459,"right":1329.6000366210938,"bottom":1079.000023841858,"left":569.6000366210938},"c5ca1125-8e4b-41e1":{"x":607.6000366210938,"y":3.799999952316284,"width":684,"height":643,"top":3.799999952316284,"right":1291.6000366210938,"bottom":646.7999999523163,"left":607.6000366210938},"2d798e12-f131-4f67":{"x":607.6000366210938,"y":3.799999952316284,"width":684,"height":70.5999984741211,"top":3.799999952316284,"right":1291.6000366210938,"bottom":74.39999842643738,"left":607.6000366210938},"11f0f339-a50d-43bd":{"x":607.6000366210938,"y":6.800000190734863,"width":40.88750076293945,"height":24,"top":6.800000190734863,"right":648.4875373840332,"bottom":30.800000190734863,"left":607.6000366210938},"1336c6ea-0316-4ca3":{"x":607.6000366210938,"y":36.79999923706055,"width":684,"height":37.60000228881836,"top":36.79999923706055,"right":1291.6000366210938,"bottom":74.4000015258789,"left":607.6000366210938},"39f6a212-4781-4cfb":{"x":607.6000366210938,"y":89.4000015258789,"width":684,"height":226.40000915527344,"top":89.4000015258789,"right":1291.6000366210938,"bottom":315.80001068115234,"left":607.6000366210938},"ccae11fc-cf3b-4659":{"x":607.6000366210938,"y":89.4000015258789,"width":684,"height":33,"top":89.4000015258789,"right":1291.6000366210938,