{"644863c6-b094-480c":{"x":0,"y":0,"width":1519.2000732421875,"height":745.6000366210938,"top":0,"right":1519.2000732421875,"bottom":745.6000366210938,"left":0},"46eda412-0980-4241":{"x":0,"y":0,"width":1519.2000732421875,"height":745.6000366210938,"top":0,"right":1519.2000732421875,"bottom":745.6000366210938,"left":0},"eb096da0-7407-45f0":{"x":0,"y":0,"width":1519.2000732421875,"height":1236.800048828125,"top":0,"right":1519.2000732421875,"bottom":1236.800048828125,"left":0},"8d511857-073d-4f2e":{"x":0,"y":0,"width":1519.2000732421875,"height":1164.800048828125,"top":0,"right":1519.2000732421875,"bottom":1164.800048828125,"left":0},"36cbfaf5-ff67-4ab1":{"x":0,"y":0,"width":1519.2000732421875,"height":79.20000457763672,"top":0,"right":1519.2000732421875,"bottom":79.20000457763672,"left":0},"beed5b2e-8a1c-4c6b":{"x":13,"y":11,"width":31,"height":37,"top":11,"right":44,"bottom":48,"left":13},"7a365a25-b4ed-49fe":{"x":13,"y":22.200000762939453,"width":31,"height":24,"top":22.200000762939453,"right":44,"bottom":46.20000076293945,"left":13},"eaa201f3-8bf8-4ef8":{"x":52.20000076293945,"y":50,"width":252.0124969482422,"height":20,"top":50,"right":304.21249771118164,"bottom":70,"left":52.20000076293945},"438d1229-1100-4b7b":{"x":52.20000076293945,"y":8,"width":38,"height":59.375,"top":8,"right":90.20000076293945,"bottom":67.375,"left":52.20000076293945},"85b457a8-3214-436f":{"x":52.20000076293945,"y":8,"width":38,"height":59.375,"top":8,"right":90.20000076293945,"bottom":67.375,"left":52.20000076293945},"c0ef31f1-f8ce-44df":{"x":93.4000015258789,"y":8,"width":210.8125,"height":62.400001525878906,"top":8,"right":304.2125015258789,"bottom":70.4000015258789,"left":93.4000015258789},"cc475aad-ff6a-4505":{"x":98.4000015258789,"y":8,"width":205.8125,"height":18,"top":8,"right":304.2125015258789,"bottom":26,"left":98.4000015258789},"aa42027c-f327-43bd":{"x":220.8249969482422,"y":10.199999809265137,"width":22,"height":15.199999809265137,"top":10.199999809265137,"right":242.8249969482422,"bottom":25.399999618530273,"left":220.8249969482422},"02588062-ba87-4a64":{"x":98.4000015258789,"y":26,"width":205.8125,"height":24,"top":26,"right":304.2125015258789,"bottom":50,"left":98.4000015258789},"bf26360a-ebcc-44bf":{"x":98.4000015258789,"y":52.400001525878906,"width":31.3125,"height":17.600000381469727,"top":52.400001525878906,"right":129.7125015258789,"bottom":70.00000190734863,"left":98.4000015258789},"78dae7fb-dd38-4970":{"x":129.71250915527344,"y":52.400001525878906,"width":62.150001525878906,"height":17.600000381469727,"top":52.400001525878906,"right":191.86251068115234,"bottom":70.00000190734863,"left":129.71250915527344},"13eda7e0-2e2b-4ea5":{"x":195.0625,"y":52.400001525878906,"width":68.48750305175781,"height":17.600000381469727,"top":52.400001525878906,"right":263.5500030517578,"bottom":70.00000190734863,"left":195.0625},"a2f09d23-aaeb-4a3c":{"x":195.02310180664062,"y":61.095619201660156,"width":16.07880973815918,"height":3.0087647438049316,"top":61.095619201660156,"right":211.1019115447998,"bottom":64.10438394546509,"left":195.02310180664062},"1f9ce28d-c148-44eb":{"x":80,"y":73,"width":19.200000762939453,"height":9.600000381469727,"top":73,"right":99.20000076293945,"bottom":82.60000038146973,"left":80},"b78be057-d539-4252":{"x":52.20000076293945,"y":82,"width":362.3999938964844,"height":111.5999984741211,"top":82,"right":414.5999946594238,"bottom":193.5999984741211,"left":52.20000076293945},"e03fd56f-b29a-45a0":{"x":53,"y":82.80000305175781,"width":360.8000183105469,"height":54.79999923706055,"top":82.80000305175781,"right":413.8000183105469,"bottom":137.60000228881836,"left":53},"55ab0e1b-8c43-4656":{"x":53,"y":82.80000305175781,"width":344,"height":54.79999923706055,"top":82.80000305175781,"right":397,"bottom":137.60000228881836,"left":53},"179d34c5-cef8-4066":{"x":65,"y":91.80000305175781,"width":320,"height":36,"top":91.80000305175781,"right":385,"bottom":127.80000305175781,"left":65},"5e5b5963-211c-44a8":{"x":361.8000183105469,"y":97.80000305175781,"width":23.200000762939453,"height":23.200000762939453,"top":97.80000305175781,"right":385.0000190734863,"bottom":121.00000381469727,"left":361.8000183105469},"0a5d7a18-2a35-4583":{"x":65,"y":91.80000305175781,"width":293,"height":18,"top":91.80000305175781,"right":358,"bottom":109.80000305175781,"left":65},"3845449a-dc23-4100":{"x":65,"y":109.80000305175781,"width":293,"height":18,"top":109.80000305175781,"right":358,"bottom":127.80000305175781,"left":65},"4fa54e36-2920-4ca9":{"x":65,"y":109.80000305175781,"width":31.3125,"height":17.600000381469727,"top":109.80000305175781,"right":96.3125,"bottom":127.40000343322754,"left":65},"28a9562b-7257-4115":{"x":96.3125,"y":109.80000305175781,"width":75.9000015258789,"height":17.600000381469727,"top":109.80000305175781,"right":172.2125015258789,"bottom":127.40000343322754,"left":96.3125},"aeca76cb-6a9a-4a19":{"x":53,"y":137.60000610351562,"width":360.8000183105469,"height":55.20000076293945,"top":137.60000610351562,"right":413.8000183105469,"bottom":192.80000686645508,"left":53},"96e6ab64-f8e9-492c":{"x":166.90000915527344,"y":149.60000610351562,"width":133,"height":31.200000762939453,"top":149.60000610351562,"right":299.90000915527344,"bottom":180.80000686645508,"left":166.90000915527344},"474e09db-55da-4105":{"x":191.1125030517578,"y":155.60000610351562,"width":23,"height":16,"top":155.60000610351562,"right":214.1125030517578,"bottom":171.60000610351562,"left":191.1125030517578},"8b8fb688-b8d5-40ef":{"x":1137.7874755859375,"y":8,"width":381.4125061035156,"height":60,"top":8,"right":1519.1999816894531,"bottom":68,"left":1137.7874755859375},"89a41d95-c48f-4d6c":{"x":1147.7874755859375,"y":18,"width":297.4125061035156,"height":40,"top":18,"right":1445.1999816894531,"bottom":58,"left":1147.7874755859375},"0eb0c64d-98fe-43d3":{"x":1147.7874755859375,"y":18,"width":297.4125061035156,"height":40,"top":18,"right":1445.1999816894531,"bottom":58,"left":1147.7874755859375},"afde29a4-7139-4470":{"x":1151.7874755859375,"y":18,"width":86.2125015258789,"height":40,"top":18,"right":1237.9999771118164,"bottom":58,"left":1151.7874755859375},"2e858eec-a76b-49d3":{"x":1246,"y":18,"width":81.86250305175781,"height":40,"top":18,"right":1327.8625030517578,"bottom":58,"left":1246},"e74455d8-b25e-4fb6":{"x":1335.862548828125,"y":18,"width":105.3375015258789,"height":40,"top":18,"right":1441.200050354004,"bottom":58,"left":1335.862548828125},"7e1a7ab7-f765-4e2e":{"x":1450.2000732421875,"y":25.5,"width":54,"height":28,"top":25.5,"right":1504.2000732421875,"bottom":53.5,"left":1450.2000732421875},"312e5d9d-5e82-4327":{"x":1465.2000732421875,"y":26.700000762939453,"width":24,"height":24,"top":26.700000762939453,"right":1489.2000732421875,"bottom":50.70000076293945,"left":1465.2000732421875},"b27bc10e-62cf-40d7":{"x":0,"y":100,"width":1519.2000732421875,"height":120,"top":100,"right":1519.2000732421875,"bottom":220,"left":0},"360ab6c5-d006-4bda":{"x":0,"y":100,"width":1519.2000732421875,"height":120,"top":100,"right":1519.2000732421875,"bottom":220,"left":0},"c4020d05-c308-445b":{"x":0,"y":100,"width":1519.2000732421875,"height":120,"top":100,"right":1519.2000732421875,"bottom":220,"left":0},"99c296f0-a71a-4529":{"x":0,"y":100,"width":1519.2000732421875,"height":120,"top":100,"right":1519.2000732421875,"bottom":220,"left":0},"a2732858-f2c3-4b27":{"x":0,"y":100,"width":1519.2000732421875,"height":120,"top":100,"right":1519.2000732421875,"bottom":220,"left":0},"8114f8ce-37e6-4afa":{"x":630.5,"y":100,"width":258.20001220703125,"height":95.5999984741211,"top":100,"right":888.7000122070312,"bottom":195.5999984741211,"left":630.5},"148cafae-e020-44c0":{"x":630.5,"y":142,"width":124.5999984741211,"height":47.60000228881836,"top":142,"right":755.0999984741211,"bottom":189.60000228881836,"left":630.5},"31dafff5-e3c2-47b9":{"x":671.2999877929688,"y":148.1999969482422,"width":43,"height":36,"top":148.1999969482422,"right":714.2999877929688,"bottom":184.1999969482422,"left":671.2999877929688},