{"644863c6-b094-480c":{"x":0,"y":0,"width":1536,"height":745.6000366210938,"top":0,"right":1536,"bottom":745.6000366210938,"left":0}}