{"644863c6-b094-480c":{"x":0,"y":-400,"width":1519.2000732421875,"height":745.6000366210938,"top":-400,"right":1519.2000732421875,"bottom":345.60003662109375,"left":0},"46eda412-0980-4241":{"x":0,"y":-286,"width":1519.2000732421875,"height":745.6000366210938,"top":-286,"right":1519.2000732421875,"bottom":459.60003662109375,"left":0},"eb096da0-7407-45f0":{"x":0,"y":-286,"width":1519.2000732421875,"height":1276,"top":-286,"right":1519.2000732421875,"bottom":990,"left":0},"2a770ab7-47d1-48e9":{"x":0,"y":-286,"width":1519.2000732421875,"height":1204,"top":-286,"right":1519.2000732421875,"bottom":918,"left":0},"daf74fee-0488-43d9":{"x":0,"y":-286,"width":1519.2000732421875,"height":1204,"top":-286,"right":1519.2000732421875,"bottom":918,"left":0},"d3fee8ef-d9d3-48a3":{"x":0,"y":0,"width":1519.2000732421875,"height":74.4000015258789,"top":0,"right":1519.2000732421875,"bottom":74.4000015258789,"left":0},"c21e9589-0b52-4558":{"x":13,"y":23.399999618530273,"width":31,"height":26.80000114440918,"top":23.399999618530273,"right":44,"bottom":50.20000076293945,"left":13},"a2c58be8-d7d5-4711":{"x":13,"y":24.399999618530273,"width":31,"height":24,"top":24.399999618530273,"right":44,"bottom":48.39999961853027,"left":13},"e7eab7ad-8c75-4116":{"x":49,"y":15,"width":1300.0625,"height":43.60000228881836,"top":15,"right":1349.0625,"bottom":58.60000228881836,"left":49},"531fdf47-6e15-446a":{"x":49,"y":15,"width":1300.0625,"height":18,"top":15,"right":1349.0625,"bottom":33,"left":49},"45146bfc-28e9-4a68":{"x":49,"y":31.399999618530273,"width":126.80000305175781,"height":26.399999618530273,"top":31.399999618530273,"right":175.8000030517578,"bottom":57.79999923706055,"left":49},"9c315bd7-08d3-4849":{"x":1349.0625,"y":16.200000762939453,"width":162.1374969482422,"height":41.20000076293945,"top":16.200000762939453,"right":1511.1999969482422,"bottom":57.400001525878906,"left":1349.0625},"c30dd282-0206-4062":{"x":1354.0625,"y":21.200000762939453,"width":76.2249984741211,"height":31.200000762939453,"top":21.200000762939453,"right":1430.287498474121,"bottom":52.400001525878906,"left":1354.0625},"4937db5e-b2b2-402f":{"x":1443.487548828125,"y":22.700000762939453,"width":62.712501525878906,"height":31.200000762939453,"top":22.700000762939453,"right":1506.200050354004,"bottom":53.900001525878906,"left":1443.487548828125},"1b4ca570-55cc-40a3":{"x":1460.0875244140625,"y":28.5,"width":29.512500762939453,"height":18.399999618530273,"top":28.5,"right":1489.600025177002,"bottom":46.89999961853027,"left":1460.0875244140625},"c2e7c508-6c3b-4b42":{"x":179.60000610351562,"y":-286,"width":1160,"height":1204,"top":-286,"right":1339.6000061035156,"bottom":918,"left":179.60000610351562},"d5f51e81-5d2c-43e4":{"x":189.60000610351562,"y":-286,"width":285,"height":424.8000183105469,"top":-286,"right":474.6000061035156,"bottom":138.80001831054688,"left":189.60000610351562},"819d6a27-b2f0-476b":{"x":204.10000610351562,"y":-286,"width":256,"height":400,"top":-286,"right":460.1000061035156,"bottom":114,"left":204.10000610351562},"f683f4b9-1177-46c6":{"x":204.90000915527344,"y":-285.20001220703125,"width":256,"height":400,"top":-285.20001220703125,"right":460.90000915527344,"bottom":114.79998779296875,"left":204.90000915527344},"4defd24a-9a44-47a3":{"x":254.5,"y":-41,"width":160,"height":64.5999984741211,"top":-41,"right":414.5,"bottom":23.599998474121094,"left":254.5},"073744cd-967c-4dee":{"x":255.3000030517578,"y":-9.40000057220459,"width":158.40000915527344,"height":32.20000076293945,"top":-9.40000057220459,"right":413.70001220703125,"bottom":22.800000190734863,"left":255.3000030517578},"78925309-ba29-4dcc":{"x":255.3000030517578,"y":-9.40000057220459,"width":158.40000915527344,"height":32.20000076293945,"top":-9.40000057220459,"right":413.70001220703125,"bottom":22.800000190734863,"left":255.3000030517578},"087d3f98-7be4-4ec6":{"x":255.3000030517578,"y":-9.40000057220459,"width":158.40000915527344,"height":32.20000076293945,"top":-9.40000057220459,"right":413.70001220703125,"bottom":22.800000190734863,"left":255.3000030517578},"8f213a67-e6e2-4818":{"x":255.3000030517578,"y":-9.40000057220459,"width":158.40000915527344,"height":30,"top":-9.40000057220459,"right":413.70001220703125,"bottom":20.59999942779541,"left":255.3000030517578},"525cfd02-b79a-41bc":{"x":285.2875061035156,"y":-4.400000095367432,"width":20,"height":20,"top":-4.400000095367432,"right":305.2875061035156,"bottom":15.599999904632568,"left":285.2875061035156},"10e24e34-f4e1-4337":{"x":437.3000183105469,"y":87.80000305175781,"width":16,"height":24,"top":87.80000305175781,"right":453.3000183105469,"bottom":111.80000305175781,"left":437.3000183105469},"b24e0021-6c70-45e2":{"x":437.3000183105469,"y":90.20000457763672,"width":16,"height":16,"top":90.20000457763672,"right":453.3000183105469,"bottom":106.20000457763672,"left":437.3000183105469},"c17e74ec-28c4-4d13":{"x":569.6000366210938,"y":-286,"width":760,"height":1204,"top":-286,"right":1329.6000366210938,"bottom":918,"left":569.6000366210938},"002419fb-4524-43da":{"x":569.6000366210938,"y":-286,"width":760,"height":1204,"top":-286,"right":1329.6000366210938,"bottom":918,"left":569.6000366210938},"e9296335-0f0a-41ac":{"x":569.6000366210938,"y":-286,"width":760,"height":1204,"top":-286,"right":1329.6000366210938,"bottom":918,"left":569.6000366210938},"949af01a-1759-407b":{"x":569.6000366210938,"y":-211.40000915527344,"width":760,"height":1129.4000244140625,"top":-211.40000915527344,"right":1329.6000366210938,"bottom":918.0000152587891,"left":569.6000366210938},"c5ca1125-8e4b-41e1":{"x":607.6000366210938,"y":-196.1999969482422,"width":684,"height":682,"top":-196.1999969482422,"right":1291.6000366210938,"bottom":485.8000030517578,"left":607.6000366210938},"39f6a212-4781-4cfb":{"x":607.6000366210938,"y":-110.5999984741211,"width":684,"height":226.40000915527344,"top":-110.5999984741211,"right":1291.6000366210938,"bottom":115.80001068115234,"left":607.6000366210938},"4b37a221-9f29-4e78":{"x":607.6000366210938,"y":-77.5999984741211,"width":684,"height":187,"top":-77.5999984741211,"right":1291.6000366210938,"bottom":109.4000015258789,"left":607.6000366210938},"f50d8716-9b16-434f":{"x":607.6000366210938,"y":130.8000030517578,"width":684,"height":108.4000015258789,"top":130.8000030517578,"right":1291.6000366210938,"bottom":239.20000457763672,"left":607.6000366210938},"fb486198-da8d-4775":{"x":607.6000366210938,"y":130.8000030517578,"width":684,"height":44,"top":130.8000030517578,"right":1291.6000366210938,"bottom":174.8000030517578,"left":607.6000366210938},"475738d3-4684-45f1":{"x":607.6000366210938,"y":133.8000030517578,"width":144.8625030517578,"height":24,"top":133.8000030517578,"right":752.4625396728516,"bottom":157.8000030517578,"left":607.6000366210938},"79c247e9-13d8-4117":{"x":761.6625366210938,"y":134,"width":16,"height":20,"top":134,"right":777.6625366210938,"bottom":154,"left":761.6625366210938},"99303a9d-60bd-4caf":{"x":761.6625366210938,"y":134.8000030517578,"width":16,"height":16,"top":134.8000030517578,"right":777.6625366210938,"bottom":150.8000030517578,"left":761.6625366210938},"da7f011d-3c6d-49e4":{"x":607.6000366210938,"y":174.8000030517578,"width":684,"height":53.60000228881836,"top":174.8000030517578,"right":1291.6000366210938,"bottom":228.40000534057617,"left":607.6000366210938},"d8c17122-ef73-4423":{"x":607.6000366210938,"y":174.8000030517578,"width":684,"height":53.60000228881836,"top":174.8000030517578,"right":1291.6000366210938,"bottom":228.40000534057617,"left":607.6000366210938},"22c248a1-a98b-4917":{"x":607.6000366210938,"y":174.8000030517578,"width":342,"height":37.60000228881836,"top":174.8000030517578,"right":949.6000366210938,"bottom":212.40000534057617,"left":607.6000366210938},"006c7df0-7430-4b07":{"x":958.7999877929688,"y":174.8000030517578,"width":37,"height":37,"top":174.8000030517578,"right":995.7999877929688,"bottom":211.8000030517578,"left":958.7999877929688},"9569c79d-dea0-413f":{"x":968.4000244140625,"y":184.8000030517578,"width":23,"height":16,