{"035c624d-a85f-4faa":{"x":0,"y":0,"width":1366,"height":96.890625,"top":0,"right":1366,"bottom":96.890625,"left":0},"6fff43fb-0319-44cc":{"x":0,"y":0,"width":1366,"height":96.890625,"top":0,"right":1366,"bottom":96.890625,"left":0},"8bfee5e4-567d-4a59":{"x":0,"y":0,"width":1366,"height":78,"top":0,"right":1366,"bottom":78,"left":0},"f1e6242b-302f-493a":{"x":0,"y":0,"width":1366,"height":78,"top":0,"right":1366,"bottom":78,"left":0},"c88c39dc-18e2-439c":{"x":0,"y":0,"width":1366,"height":78,"top":0,"right":1366,"bottom":78,"left":0},"7663091f-ee5b-4c74":{"x":0,"y":0,"width":1366,"height":78,"top":0,"right":1366,"bottom":78,"left":0},"eb3e6901-001a-4657":{"x":0,"y":0,"width":1366,"height":78,"top":0,"right":1366,"bottom":78,"left":0},"687ca8ad-d3b7-41fc":{"x":24,"y":0,"width":135.109375,"height":78,"top":0,"right":159.109375,"bottom":78,"left":24},"28adb22e-6269-4ffd":{"x":24,"y":16,"width":135.109375,"height":38,"top":16,"right":159.109375,"bottom":54,"left":24},"ab3ba2bc-1dd1-46c5":{"x":183.109375,"y":0,"width":1054.890625,"height":78,"top":0,"right":1238,"bottom":78,"left":183.109375},"65591ec0-037d-4c14":{"x":183.109375,"y":0,"width":704.890625,"height":78,"top":0,"right":888,"bottom":78,"left":183.109375},"a979e558-134a-4e51":{"x":183.109375,"y":23,"width":178,"height":32,"top":23,"right":361.109375,"bottom":55,"left":183.109375},"864d0be0-0e2f-4875":{"x":183.109375,"y":23,"width":170,"height":32,"top":23,"right":353.109375,"bottom":55,"left":183.109375},"2d8cde06-da23-4fa8":{"x":184.109375,"y":23,"width":168,"height":32,"top":23,"right":352.109375,"bottom":55,"left":184.109375},"740b7587-f9e4-44e0":{"x":184.109375,"y":23,"width":84,"height":32,"top":23,"right":268.109375,"bottom":55,"left":184.109375},"cfbe946b-1994-4319":{"x":188.109375,"y":27,"width":76,"height":24,"top":27,"right":264.109375,"bottom":51,"left":188.109375},"9c97fe4d-a08b-48f6":{"x":198.453125,"y":27,"width":55.296875,"height":24,"top":27,"right":253.75,"bottom":51,"left":198.453125},"58c93b6b-7a15-4db6":{"x":268.109375,"y":23,"width":84,"height":32,"top":23,"right":352.109375,"bottom":55,"left":268.109375},"9ad6aa1e-7e01-4f67":{"x":272.109375,"y":27,"width":76,"height":24,"top":27,"right":348.109375,"bottom":51,"left":272.109375},"8e36ec7c-61e2-4a31":{"x":286.609375,"y":27,"width":47,"height":24,"top":27,"right":333.609375,"bottom":51,"left":286.609375},"a489c197-3274-4576":{"x":361.109375,"y":0,"width":526.890625,"height":78,"top":0,"right":888,"bottom":78,"left":361.109375},"d851c1f3-f4d9-465c":{"x":361.109375,"y":23,"width":238.1875,"height":32,"top":23,"right":599.296875,"bottom":55,"left":361.109375},"1a3d1181-8b9d-4ab3":{"x":361.109375,"y":23,"width":238.1875,"height":32,"top":23,"right":599.296875,"bottom":55,"left":361.109375},"f2bc217c-c22c-4939":{"x":361.109375,"y":23,"width":148.890625,"height":32,"top":23,"right":510,"bottom":55,"left":361.109375},"7f2667e8-b714-4ee3":{"x":361.109375,"y":23,"width":140.890625,"height":32,"top":23,"right":502,"bottom":55,"left":361.109375},"9118b8a8-4c8c-400f":{"x":374.109375,"y":29,"width":20,"height":20,"top":29,"right":394.109375,"bottom":49,"left":374.109375},"c3c5f571-727f-482d":{"x":374.109375,"y":29,"width":20,"height":20,"top":29,"right":394.109375,"bottom":49,"left":374.109375},"a0615955-c5f9-4a6c":{"x":374.109375,"y":29,"width":20,"height":20,"top":29,"right":394.109375,"bottom":49,"left":374.109375},"3b85ddc5-a93a-4d81":{"x":374.109375,"y":29,"width":20,"height":20,"top":29,"right":394.109375,"bottom":49,"left":374.109375},"8577dbae-7627-4e19":{"x":398.109375,"y":23,"width":90.890625,"height":32,"top":23,"right":489,"bottom":55,"left":398.109375},"e547e37b-34fd-4ebe":{"x":510,"y":23,"width":89.296875,"height":32,"top":23,"right":599.296875,"bottom":55,"left":510},"a942033d-b274-42fc":{"x":510,"y":23,"width":81.296875,"height":32,"top":23,"right":591.296875,"bottom":55,"left":510},"5f26a4b8-2853-455a":{"x":523,"y":29,"width":20,"height":20,"top":29,"right":543,"bottom":49,"left":523},"d6941352-48b9-4850":{"x":523,"y":29,"width":20,"height":20,"top":29,"right":543,"bottom":49,"left":523},"16ab40cb-eab5-43fd":{"x":523,"y":29,"width":20,"height":20,"top":29,"right":543,"bottom":49,"left":523},"f55067bd-9140-4f05":{"x":523,"y":29,"width":20,"height":20,"top":29,"right":543,"bottom":49,"left":523},"3dc2e71e-8b13-4432":{"x":547,"y":23,"width":31.296875,"height":32,"top":23,"right":578.296875,"bottom":55,"left":547},"3696794e-0346-4b80":{"x":888,"y":0,"width":350,"height":78,"top":0,"right":1238,"bottom":78,"left":888},"cc325f99-3356-4873":{"x":888,"y":17,"width":350,"height":44,"top":17,"right":1238,"bottom":61,"left":888},"be9fa63c-f6e7-46cb":{"x":888,"y":17,"width":350,"height":44,"top":17,"right":1238,"bottom":61,"left":888},"d4bdf776-43b2-4e46":{"x":888,"y":17,"width":350,"height":44,"top":17,"right":1238,"bottom":61,"left":888},"33fce638-5d64-4d98":{"x":888,"y":17,"width":350,"height":44,"top":17,"right":1238,"bottom":61,"left":888},"07bbf06c-cb06-446c":{"x":888,"y":17,"width":350,"height":44,"top":17,"right":1238,"bottom":61,"left":888},"e7de807c-4427-4ddd":{"x":888,"y":17,"width":350,"height":44,"top":17,"right":1238,"bottom":61,"left":888},"5fb905a9-1f7e-43eb":{"x":888,"y":17,"width":36,"height":44,"top":17,"right":924,"bottom":61,"left":888},"5086ae51-a2a3-4a12":{"x":904,"y":29,"width":20,"height":20,"top":29,"right":924,"bottom":49,"left":904},"10f67231-f168-48bc":{"x":904,"y":29,"width":20,"height":20,"top":29,"right":924,"bottom":49,"left":904},"ea663b33-34b9-48b8":{"x":904,"y":29,"width":20,"height":20,"top":29,"right":924,"bottom":49,"left":904},"76d1ac05-3b7d-4ab4":{"x":1262,"y":0,"width":36,"height":78,"top":0,"right":1298,"bottom":78,"left":1262},"7d9ed801-4861-4a9d":{"x":1267,"y":26,"width":26,"height":26,"top":26,"right":1293,"bottom":52,"left":1267},"8e7355e1-8e68-4f31":{"x":1267,"y":26,"width":26,"height":26,"top":26,"right":1293,"bottom":52,"left":1267},"ae7a3379-6eae-4690":{"x":1267,"y":26,"width":26,"height":26,"top":26,"right":1293,"bottom":52,"left":1267},"2b8a8646-8de8-4196":{"x":1267,"y":26,"width":26,"height":26,"top":26,"right":1293,"bottom":52,"left":1267},"1c4fe57e-e9e7-48f3":{"x":1268,"y":27,"width":24,"height":24,"top":27,"right":1292,"bottom":51,"left":1268},"891ef3b8-cf82-4b54":{"x":1268,"y":27,"width":24,"height":24,"top":27,"right":1292,"bottom":51,"left":1268},"a06e1fd2-6a53-48ae":{"x":1268,"y":27,"width":24,"height":24,"top":27,"right":1292,"bottom":51,"left":1268},"e95cd965-42f4-4269":{"x":1268,"y":27,"width":24,"height":24,"top":27,"right":1292,"bottom":51,"left":1268},"9ae1ed23-7511-4437":{"x":1306,"y":0,"width":36,"height":78,"top":0,"right":1342,"bottom":78,"left":1306},"ca2690ed-47f6-4559":{"x":1312,"y":21,"width":24,"height":36,"top":21,"right":1336,"bottom":57,"left":1312},"33c2e63d-c7ce-4ab2":{"x":1312,"y":21,"width":24,"height":36,"top":21,"right":1336,"bottom":57,"left":1312},"f7e961a1-21db-46f6":{"x":1312,"y":27,"width":24,"height":24,"top":27,"right":1336,"bottom":51,"left":1312},"822bb90a-6c61-4411":{"x":1312,"y":27,"width":24,"height":24,"top":27,"right":1336,"bottom":51,"left":1312},"9c1ee5c8-f535-4577":{"x":1312,"y":27,"width":24,"height":24,"top":27,"right":1336,"bottom":51,"left":1312},"fa6b99c4-55c4-4f68":{"x":0,"y":78,"width":18.890625,"height":18.890625,"top":78,"right":18.890625,"bottom":96.890625,"left":0}}