{"035c624d-a85f-4faa":{"x":0,"y":0,"width":1366,"height":266.890625,"top":0,"right":1366,"bottom":266.890625,"left":0},"6fff43fb-0319-44cc":{"x":0,"y":0,"width":1366,"height":266.890625,"top":0,"right":1366,"bottom":266.890625,"left":0},"8bfee5e4-567d-4a59":{"x":0,"y":0,"width":1366,"height":248,"top":0,"right":1366,"bottom":248,"left":0},"f1e6242b-302f-493a":{"x":0,"y":0,"width":1366,"height":248,"top":0,"right":1366,"bottom":248,"left":0},"c88c39dc-18e2-439c":{"x":0,"y":0,"width":1366,"height":248,"top":0,"right":1366,"bottom":248,"left":0},"7663091f-ee5b-4c74":{"x":0,"y":0,"width":1366,"height":79,"top":0,"right":1366,"bottom":79,"left":0},"eb3e6901-001a-4657":{"x":0,"y":0,"width":1375.46875,"height":78,"top":0,"right":1375.46875,"bottom":78,"left":0},"687ca8ad-d3b7-41fc":{"x":4.734375,"y":0,"width":153,"height":78,"top":0,"right":157.734375,"bottom":78,"left":4.734375},"28adb22e-6269-4ffd":{"x":29.734375,"y":18.5,"width":128,"height":36,"top":18.5,"right":157.734375,"bottom":54.5,"left":29.734375},"c71e6f2b-e3db-46f7":{"x":157.734375,"y":0,"width":1099,"height":78,"top":0,"right":1256.734375,"bottom":78,"left":157.734375},"07fede3a-485b-46a9":{"x":157.734375,"y":0,"width":1099,"height":78,"top":0,"right":1256.734375,"bottom":78,"left":157.734375},"8ae77236-2089-4d91":{"x":157.734375,"y":0,"width":1099,"height":78,"top":0,"right":1256.734375,"bottom":78,"left":157.734375},"4526ba67-3488-48c1":{"x":165.734375,"y":14.625,"width":145.390625,"height":48.75,"top":14.625,"right":311.125,"bottom":63.375,"left":165.734375},"ee921251-f8a9-41f9":{"x":165.734375,"y":14.625,"width":145.390625,"height":48.75,"top":14.625,"right":311.125,"bottom":63.375,"left":165.734375},"56ef108e-3e24-475e":{"x":165.734375,"y":14.625,"width":145.390625,"height":48.75,"top":14.625,"right":311.125,"bottom":63.375,"left":165.734375},"bc0b2db3-87b3-40fb":{"x":165.734375,"y":14.625,"width":145.390625,"height":48.75,"top":14.625,"right":311.125,"bottom":63.375,"left":165.734375},"d266e384-d7a9-47e0":{"x":165.734375,"y":14.625,"width":145.390625,"height":48.75,"top":14.625,"right":311.125,"bottom":63.375,"left":165.734375},"baf77c44-170f-4934":{"x":165.734375,"y":14.625,"width":145.390625,"height":48.75,"top":14.625,"right":311.125,"bottom":63.375,"left":165.734375},"82ac3864-3c35-484c":{"x":165.734375,"y":14.625,"width":145.390625,"height":48.75,"top":14.625,"right":311.125,"bottom":63.375,"left":165.734375},"30b03deb-ca65-4c3d":{"x":185.734375,"y":29.625,"width":113.390625,"height":21.75,"top":29.625,"right":299.125,"bottom":51.375,"left":185.734375},"53d35bc7-20ad-4302":{"x":185.734375,"y":29.625,"width":113.390625,"height":21.75,"top":29.625,"right":299.125,"bottom":51.375,"left":185.734375},"2d547fe4-0cd9-4391":{"x":185.734375,"y":29.625,"width":97.390625,"height":21.75,"top":29.625,"right":283.125,"bottom":51.375,"left":185.734375},"9d08326b-2b02-4bb8":{"x":287.125,"y":29.625,"width":12,"height":21.75,"top":29.625,"right":299.125,"bottom":51.375,"left":287.125},"8dd86ac4-2e3a-4f3c":{"x":287.125,"y":34.5,"width":12,"height":12,"top":34.5,"right":299.125,"bottom":46.5,"left":287.125},"f78f87c4-653c-49ac":{"x":287.125,"y":34.5,"width":12,"height":12,"top":34.5,"right":299.125,"bottom":46.5,"left":287.125},"1bfc1b14-6bca-460c":{"x":287.125,"y":34.5,"width":12,"height":12,"top":34.5,"right":299.125,"bottom":46.5,"left":287.125},"f95127c8-ec28-45bb":{"x":327.125,"y":19,"width":921.609375,"height":40,"top":19,"right":1248.734375,"bottom":59,"left":327.125},"b561f8e4-e0d6-4d45":{"x":327.125,"y":19,"width":921.609375,"height":40,"top":19,"right":1248.734375,"bottom":59,"left":327.125},"480e9c46-e43e-4b48":{"x":327.125,"y":19,"width":350,"height":40,"top":19,"right":677.125,"bottom":59,"left":327.125},"eda21fe7-8dd4-4ff2":{"x":327.125,"y":19,"width":350,"height":40,"top":19,"right":677.125,"bottom":59,"left":327.125},"09147cfb-0db7-41ce":{"x":327.125,"y":19,"width":44,"height":40,"top":19,"right":371.125,"bottom":59,"left":327.125},"94e62789-1d46-47c8":{"x":341.125,"y":31,"width":16,"height":16,"top":31,"right":357.125,"bottom":47,"left":341.125},"f7b2e981-03b4-49e7":{"x":341.125,"y":31,"width":16,"height":16,"top":31,"right":357.125,"bottom":47,"left":341.125},"2b481d35-c65e-4b36":{"x":341.125,"y":31,"width":16,"height":16,"top":31,"right":357.125,"bottom":47,"left":341.125},"76d1ac05-3b7d-4ab4":{"x":1256.734375,"y":0,"width":74,"height":78,"top":0,"right":1330.734375,"bottom":78,"left":1256.734375},"7d9ed801-4861-4a9d":{"x":1256.734375,"y":7.5,"width":74,"height":63,"top":7.5,"right":1330.734375,"bottom":70.5,"left":1256.734375},"8e7355e1-8e68-4f31":{"x":1256.734375,"y":7.5,"width":74,"height":63,"top":7.5,"right":1330.734375,"bottom":70.5,"left":1256.734375},"ae7a3379-6eae-4690":{"x":1256.734375,"y":7.5,"width":74,"height":63,"top":7.5,"right":1330.734375,"bottom":70.5,"left":1256.734375},"2b8a8646-8de8-4196":{"x":1256.734375,"y":7.5,"width":74,"height":63,"top":7.5,"right":1330.734375,"bottom":70.5,"left":1256.734375},"1c4fe57e-e9e7-48f3":{"x":1281.734375,"y":27,"width":24,"height":24,"top":27,"right":1305.734375,"bottom":51,"left":1281.734375},"891ef3b8-cf82-4b54":{"x":1281.734375,"y":27,"width":24,"height":24,"top":27,"right":1305.734375,"bottom":51,"left":1281.734375},"a06e1fd2-6a53-48ae":{"x":1281.734375,"y":27,"width":24,"height":24,"top":27,"right":1305.734375,"bottom":51,"left":1281.734375},"e95cd965-42f4-4269":{"x":1281.734375,"y":27,"width":24,"height":24,"top":27,"right":1305.734375,"bottom":51,"left":1281.734375},"9ae1ed23-7511-4437":{"x":1330.734375,"y":0,"width":40,"height":78,"top":0,"right":1370.734375,"bottom":78,"left":1330.734375},"ca2690ed-47f6-4559":{"x":1330.734375,"y":21,"width":24,"height":36,"top":21,"right":1354.734375,"bottom":57,"left":1330.734375},"33c2e63d-c7ce-4ab2":{"x":1330.734375,"y":21,"width":24,"height":36,"top":21,"right":1354.734375,"bottom":57,"left":1330.734375},"f7e961a1-21db-46f6":{"x":1330.734375,"y":27,"width":24,"height":24,"top":27,"right":1354.734375,"bottom":51,"left":1330.734375},"822bb90a-6c61-4411":{"x":1330.734375,"y":27,"width":24,"height":24,"top":27,"right":1354.734375,"bottom":51,"left":1330.734375},"9c1ee5c8-f535-4577":{"x":1330.734375,"y":27,"width":24,"height":24,"top":27,"right":1354.734375,"bottom":51,"left":1330.734375},"0aeb9569-c137-4215":{"x":0,"y":78,"width":1366,"height":248,"top":78,"right":1366,"bottom":326,"left":0},"3258851b-aba7-4d1d":{"x":0,"y":78,"width":1366,"height":248,"top":78,"right":1366,"bottom":326,"left":0},"1ef6d90f-b5e0-4bb0":{"x":0,"y":78,"width":1366,"height":200,"top":78,"right":1366,"bottom":278,"left":0},"31c41c55-95db-461a":{"x":0,"y":78,"width":1366,"height":200,"top":78,"right":1366,"bottom":278,"left":0},"eb59d328-7e13-46a7":{"x":0,"y":78,"width":1366,"height":200,"top":78,"right":1366,"bottom":278,"left":0},"2f096613-4dbf-4161":{"x":0,"y":78,"width":1366,"height":200,"top":78,"right":1366,"bottom":278,"left":0},"d1d95c52-922c-4ab8":{"x":0,"y":78,"width":1366,"height":200,"top":78,"right":1366,"bottom":278,"left":0},"45d8e0b5-f2d3-4800":{"x":0,"y":78,"width":1024.5,"height":200,"top":78,"right":1024.5,"bottom":278,"left":0},"8f32d4ec-2026-4d8e":{"x":0,"y":78,"width":1024.5,"height":200,"top":78,"right":1024.5,"bottom":278,"left":0},"fa6b99c4-55c4-4f68":{"x":0,"y":248,"width":18.890625,"height":18.890625,"top":248,"right":18.890625,"bottom":266.890625,"left":0}}