{"035c624d-a85f-4faa":{"x":0,"y":0,"width":1366,"height":266.890625,"top":0,"right":1366,"bottom":266.890625,"left":0},"6fff43fb-0319-44cc":{"x":0,"y":0,"width":1366,"height":266.890625,"top":0,"right":1366,"bottom":266.890625,"left":0},"8bfee5e4-567d-4a59":{"x":0,"y":0,"width":1366,"height":248,"top":0,"right":1366,"bottom":248,"left":0},"f1e6242b-302f-493a":{"x":0,"y":0,"width":1366,"height":248,"top":0,"right":1366,"bottom":248,"left":0},"c88c39dc-18e2-439c":{"x":0,"y":0,"width":1366,"height":248,"top":0,"right":1366,"bottom":248,"left":0},"7663091f-ee5b-4c74":{"x":0,"y":0,"width":1366,"height":79,"top":0,"right":1366,"bottom":79,"left":0},"eb3e6901-001a-4657":{"x":0,"y":0,"width":1366,"height":78,"top":0,"right":1366,"bottom":78,"left":0},"687ca8ad-d3b7-41fc":{"x":0,"y":0,"width":153,"height":78,"top":0,"right":153,"bottom":78,"left":0},"28adb22e-6269-4ffd":{"x":25,"y":18.5,"width":128,"height":36,"top":18.5,"right":153,"bottom":54.5,"left":25},"ab3ba2bc-1dd1-46c5":{"x":153,"y":0,"width":1099,"height":78,"top":0,"right":1252,"bottom":78,"left":153},"1165ad03-8676-413f":{"x":153,"y":0,"width":1099,"height":78,"top":0,"right":1252,"bottom":78,"left":153},"6bf3bfc8-8c5f-4744":{"x":153,"y":0,"width":1099,"height":78,"top":0,"right":1252,"bottom":78,"left":153},"17c7b576-53c0-41fc":{"x":161,"y":14.625,"width":145.390625,"height":48.75,"top":14.625,"right":306.390625,"bottom":63.375,"left":161},"ca9963c9-d779-457a":{"x":161,"y":14.625,"width":145.390625,"height":48.75,"top":14.625,"right":306.390625,"bottom":63.375,"left":161},"249c1061-563f-4c4b":{"x":161,"y":14.625,"width":145.390625,"height":48.75,"top":14.625,"right":306.390625,"bottom":63.375,"left":161},"888df4dc-96cf-48e5":{"x":161,"y":14.625,"width":145.390625,"height":48.75,"top":14.625,"right":306.390625,"bottom":63.375,"left":161},"a9004401-bbd0-42b2":{"x":161,"y":14.625,"width":145.390625,"height":48.75,"top":14.625,"right":306.390625,"bottom":63.375,"left":161},"ae6b8886-adf2-4819":{"x":161,"y":14.625,"width":145.390625,"height":48.75,"top":14.625,"right":306.390625,"bottom":63.375,"left":161},"c8fda6be-153c-4b15":{"x":161,"y":14.625,"width":145.390625,"height":48.75,"top":14.625,"right":306.390625,"bottom":63.375,"left":161},"cc1faf87-d599-4f87":{"x":181,"y":29.625,"width":113.390625,"height":21.75,"top":29.625,"right":294.390625,"bottom":51.375,"left":181},"2f5cdc28-c2ba-42b7":{"x":181,"y":29.625,"width":113.390625,"height":21.75,"top":29.625,"right":294.390625,"bottom":51.375,"left":181},"dd4f759e-4421-4116":{"x":181,"y":29.625,"width":97.390625,"height":21.75,"top":29.625,"right":278.390625,"bottom":51.375,"left":181},"f21ea0f6-5c62-421a":{"x":282.390625,"y":29.625,"width":12,"height":21.75,"top":29.625,"right":294.390625,"bottom":51.375,"left":282.390625},"83ef9cb9-c19d-4fde":{"x":282.390625,"y":34.5,"width":12,"height":12,"top":34.5,"right":294.390625,"bottom":46.5,"left":282.390625},"d31e9720-ac6b-4f4c":{"x":282.390625,"y":34.5,"width":12,"height":12,"top":34.5,"right":294.390625,"bottom":46.5,"left":282.390625},"ab540697-15b2-4708":{"x":282.390625,"y":34.5,"width":12,"height":12,"top":34.5,"right":294.390625,"bottom":46.5,"left":282.390625},"86108b18-38f8-4d77":{"x":322.390625,"y":19,"width":921.609375,"height":40,"top":19,"right":1244,"bottom":59,"left":322.390625},"36f746c7-259d-4a20":{"x":322.390625,"y":19,"width":921.609375,"height":40,"top":19,"right":1244,"bottom":59,"left":322.390625},"898caafa-c7bc-4734":{"x":322.390625,"y":19,"width":350,"height":40,"top":19,"right":672.390625,"bottom":59,"left":322.390625},"8a3b8a9d-0c2b-4b85":{"x":322.390625,"y":19,"width":350,"height":40,"top":19,"right":672.390625,"bottom":59,"left":322.390625},"7f3b0571-7e02-46ad":{"x":322.390625,"y":19,"width":44,"height":40,"top":19,"right":366.390625,"bottom":59,"left":322.390625},"86182c24-81f0-411c":{"x":336.390625,"y":31,"width":16,"height":16,"top":31,"right":352.390625,"bottom":47,"left":336.390625},"dfb94717-0c9d-42bd":{"x":336.390625,"y":31,"width":16,"height":16,"top":31,"right":352.390625,"bottom":47,"left":336.390625},"97a5c9a7-25bd-4a29":{"x":336.390625,"y":31,"width":16,"height":16,"top":31,"right":352.390625,"bottom":47,"left":336.390625},"76d1ac05-3b7d-4ab4":{"x":1252,"y":0,"width":74,"height":78,"top":0,"right":1326,"bottom":78,"left":1252},"7d9ed801-4861-4a9d":{"x":1252,"y":7.5,"width":74,"height":63,"top":7.5,"right":1326,"bottom":70.5,"left":1252},"8e7355e1-8e68-4f31":{"x":1252,"y":7.5,"width":74,"height":63,"top":7.5,"right":1326,"bottom":70.5,"left":1252},"ae7a3379-6eae-4690":{"x":1252,"y":7.5,"width":74,"height":63,"top":7.5,"right":1326,"bottom":70.5,"left":1252},"2b8a8646-8de8-4196":{"x":1252,"y":7.5,"width":74,"height":63,"top":7.5,"right":1326,"bottom":70.5,"left":1252},"1c4fe57e-e9e7-48f3":{"x":1277,"y":27,"width":24,"height":24,"top":27,"right":1301,"bottom":51,"left":1277},"891ef3b8-cf82-4b54":{"x":1277,"y":27,"width":24,"height":24,"top":27,"right":1301,"bottom":51,"left":1277},"a06e1fd2-6a53-48ae":{"x":1277,"y":27,"width":24,"height":24,"top":27,"right":1301,"bottom":51,"left":1277},"e95cd965-42f4-4269":{"x":1277,"y":27,"width":24,"height":24,"top":27,"right":1301,"bottom":51,"left":1277},"9ae1ed23-7511-4437":{"x":1326,"y":0,"width":40,"height":78,"top":0,"right":1366,"bottom":78,"left":1326},"ca2690ed-47f6-4559":{"x":1326,"y":21,"width":24,"height":36,"top":21,"right":1350,"bottom":57,"left":1326},"33c2e63d-c7ce-4ab2":{"x":1326,"y":21,"width":24,"height":36,"top":21,"right":1350,"bottom":57,"left":1326},"f7e961a1-21db-46f6":{"x":1326,"y":27,"width":24,"height":24,"top":27,"right":1350,"bottom":51,"left":1326},"822bb90a-6c61-4411":{"x":1326,"y":27,"width":24,"height":24,"top":27,"right":1350,"bottom":51,"left":1326},"9c1ee5c8-f535-4577":{"x":1326,"y":27,"width":24,"height":24,"top":27,"right":1350,"bottom":51,"left":1326},"0aeb9569-c137-4215":{"x":0,"y":78,"width":1366,"height":248,"top":78,"right":1366,"bottom":326,"left":0},"3258851b-aba7-4d1d":{"x":0,"y":78,"width":1366,"height":248,"top":78,"right":1366,"bottom":326,"left":0},"1ef6d90f-b5e0-4bb0":{"x":0,"y":78,"width":1366,"height":200,"top":78,"right":1366,"bottom":278,"left":0},"31c41c55-95db-461a":{"x":0,"y":78,"width":1366,"height":200,"top":78,"right":1366,"bottom":278,"left":0},"eb59d328-7e13-46a7":{"x":0,"y":78,"width":1366,"height":200,"top":78,"right":1366,"bottom":278,"left":0},"2f096613-4dbf-4161":{"x":0,"y":78,"width":1366,"height":200,"top":78,"right":1366,"bottom":278,"left":0},"3629bb5a-19e9-4c92":{"x":0,"y":78,"width":1366,"height":200,"top":78,"right":1366,"bottom":278,"left":0},"6eb1bdbc-7e74-459e":{"x":0,"y":78,"width":1024.5,"height":200,"top":78,"right":1024.5,"bottom":278,"left":0},"b25e5ebc-494c-44b0":{"x":0,"y":78,"width":1024.5,"height":200,"top":78,"right":1024.5,"bottom":278,"left":0},"fa6b99c4-55c4-4f68":{"x":0,"y":248,"width":18.890625,"height":18.890625,"top":248,"right":18.890625,"bottom":266.890625,"left":0}}