{"035c624d-a85f-4faa":{"x":0,"y":0,"width":1349,"height":3575.890625,"top":0,"right":1349,"bottom":3575.890625,"left":0},"6fff43fb-0319-44cc":{"x":0,"y":0,"width":1349,"height":3575.890625,"top":0,"right":1349,"bottom":3575.890625,"left":0},"8bfee5e4-567d-4a59":{"x":0,"y":0,"width":1349,"height":3575.890625,"top":0,"right":1349,"bottom":3575.890625,"left":0},"f1e6242b-302f-493a":{"x":0,"y":0,"width":1349,"height":3575.890625,"top":0,"right":1349,"bottom":3575.890625,"left":0},"c88c39dc-18e2-439c":{"x":0,"y":0,"width":1349,"height":3575.890625,"top":0,"right":1349,"bottom":3575.890625,"left":0},"0aeb9569-c137-4215":{"x":0,"y":0,"width":1349,"height":3575.890625,"top":0,"right":1349,"bottom":3575.890625,"left":0},"3258851b-aba7-4d1d":{"x":0,"y":0,"width":1349,"height":3575.890625,"top":0,"right":1349,"bottom":3575.890625,"left":0},"1ef6d90f-b5e0-4bb0":{"x":0,"y":0,"width":1349,"height":3575.890625,"top":0,"right":1349,"bottom":3575.890625,"left":0},"31c41c55-95db-461a":{"x":0,"y":0,"width":1349,"height":3575.890625,"top":0,"right":1349,"bottom":3575.890625,"left":0},"eb59d328-7e13-46a7":{"x":0,"y":0,"width":1349,"height":3575.890625,"top":0,"right":1349,"bottom":3575.890625,"left":0},"2f096613-4dbf-4161":{"x":0,"y":0,"width":1349,"height":3575.890625,"top":0,"right":1349,"bottom":3575.890625,"left":0},"8c092524-6b0f-4824":{"x":0,"y":0,"width":1349,"height":3575.890625,"top":0,"right":1349,"bottom":3575.890625,"left":0},"4fc4bf97-682d-433b":{"x":0,"y":0,"width":1349,"height":657,"top":0,"right":1349,"bottom":657,"left":0},"1d798432-55fb-4338":{"x":0,"y":0,"width":1349,"height":657,"top":0,"right":1349,"bottom":657,"left":0},"a19da3ab-3b49-4b92":{"x":0,"y":0,"width":674.5,"height":657,"top":0,"right":674.5,"bottom":657,"left":0},"e8d00b51-594e-44ec":{"x":32,"y":32,"width":610.5,"height":36.09375,"top":32,"right":642.5,"bottom":68.09375,"left":32},"b42b60f6-b02c-4760":{"x":0,"y":0,"width":674.5,"height":657,"top":0,"right":674.5,"bottom":657,"left":0},"b00e7443-eb65-48a5":{"x":32,"y":32,"width":148,"height":29.796875,"top":32,"right":180,"bottom":61.796875,"left":32},"9da19ba1-360e-456b":{"x":674.5,"y":0,"width":674.5,"height":657,"top":0,"right":1349,"bottom":657,"left":674.5},"7c07876f-aa71-4d13":{"x":706.5,"y":32,"width":610.5,"height":211.09375,"top":32,"right":1317,"bottom":243.09375,"left":706.5},"31640cc2-fbf5-403d":{"x":1074.265625,"y":32,"width":242.734375,"height":211.09375,"top":32,"right":1317,"bottom":243.09375,"left":1074.265625},"339bc71a-b810-4c22":{"x":1074.265625,"y":32,"width":150.359375,"height":207.09375,"top":32,"right":1224.625,"bottom":239.09375,"left":1074.265625},"d8a14e01-bdda-47d0":{"x":1074.265625,"y":32,"width":150.359375,"height":25.15625,"top":32,"right":1224.625,"bottom":57.15625,"left":1074.265625},"5028c7b8-f060-4cb7":{"x":1074.265625,"y":32,"width":150.359375,"height":25.15625,"top":32,"right":1224.625,"bottom":57.15625,"left":1074.265625},"aaf9a5a7-8313-4eb6":{"x":1256.625,"y":32,"width":60.375,"height":207.09375,"top":32,"right":1317,"bottom":239.09375,"left":1256.625},"bba8aa13-2695-4eb3":{"x":1256.625,"y":33,"width":60.375,"height":23,"top":33,"right":1317,"bottom":56,"left":1256.625},"80cf212e-d994-4459":{"x":706.5,"y":243.09375,"width":610.5,"height":381.90625,"top":243.09375,"right":1317,"bottom":625,"left":706.5},"72d4be95-005b-49a6":{"x":706.5,"y":243.09375,"width":610.5,"height":109.96875,"top":243.09375,"right":1317,"bottom":353.0625,"left":706.5},"e8f2196f-63e0-4aeb":{"x":706.5,"y":243.09375,"width":610.5,"height":109.96875,"top":243.09375,"right":1317,"bottom":353.0625,"left":706.5},"3f21d015-f0e4-4967":{"x":706.5,"y":369.0625,"width":610.5,"height":58,"top":369.0625,"right":1317,"bottom":427.0625,"left":706.5},"8e004b3c-e4f6-42e6":{"x":706.5,"y":369.0625,"width":610.5,"height":58,"top":369.0625,"right":1317,"bottom":427.0625,"left":706.5},"fe4c5db7-e1bd-4cf4":{"x":706.5,"y":369.0625,"width":610.5,"height":58,"top":369.0625,"right":1317,"bottom":427.0625,"left":706.5},"419f6998-8755-40b1":{"x":706.5,"y":369.0625,"width":407,"height":46,"top":369.0625,"right":1113.5,"bottom":415.0625,"left":706.5},"da929d17-b5ce-4052":{"x":706.5,"y":369.0625,"width":399,"height":46,"top":369.0625,"right":1105.5,"bottom":415.0625,"left":706.5},"b0e7a0e3-2403-4740":{"x":707.5,"y":370.0625,"width":397,"height":44,"top":370.0625,"right":1104.5,"bottom":414.0625,"left":707.5},"bd2aa0f4-df4f-479b":{"x":707.5,"y":370.0625,"width":397,"height":44,"top":370.0625,"right":1104.5,"bottom":414.0625,"left":707.5},"87904b8d-53ac-4bb4":{"x":707.5,"y":370.0625,"width":397,"height":44,"top":370.0625,"right":1104.5,"bottom":414.0625,"left":707.5},"46213f7a-b8e2-444b":{"x":707.5,"y":370.0625,"width":397,"height":44,"top":370.0625,"right":1104.5,"bottom":414.0625,"left":707.5},"a77f6fb6-4eeb-461e":{"x":706.5,"y":370.0625,"width":397,"height":44,"top":370.0625,"right":1103.5,"bottom":414.0625,"left":706.5},"ecad086e-fa4f-4ab7":{"x":1113.5,"y":369.0625,"width":203.484375,"height":58,"top":369.0625,"right":1316.984375,"bottom":427.0625,"left":1113.5},"cdcf74ae-1c8a-4ca1":{"x":1121.5,"y":369.0625,"width":187.484375,"height":48,"top":369.0625,"right":1308.984375,"bottom":417.0625,"left":1121.5},"52b4320f-2da5-4bd7":{"x":0,"y":657,"width":1349,"height":356.65625,"top":657,"right":1349,"bottom":1013.65625,"left":0},"42f0cef7-6ec1-4e97":{"x":0,"y":657,"width":1349,"height":356.65625,"top":657,"right":1349,"bottom":1013.65625,"left":0},"1464cc9d-c2c1-49ff":{"x":0,"y":657,"width":1349,"height":356.65625,"top":657,"right":1349,"bottom":1013.65625,"left":0},"e9a42a0c-90d6-4035":{"x":0,"y":657,"width":1349,"height":356.65625,"top":657,"right":1349,"bottom":1013.65625,"left":0}}