{"035c624d-a85f-4faa":{"x":0,"y":0,"width":1366,"height":266.890625,"top":0,"right":1366,"bottom":266.890625,"left":0},"6fff43fb-0319-44cc":{"x":0,"y":0,"width":1366,"height":266.890625,"top":0,"right":1366,"bottom":266.890625,"left":0},"8bfee5e4-567d-4a59":{"x":0,"y":0,"width":1366,"height":248,"top":0,"right":1366,"bottom":248,"left":0},"f1e6242b-302f-493a":{"x":0,"y":0,"width":1366,"height":248,"top":0,"right":1366,"bottom":248,"left":0},"c88c39dc-18e2-439c":{"x":0,"y":0,"width":1366,"height":248,"top":0,"right":1366,"bottom":248,"left":0},"7663091f-ee5b-4c74":{"x":0,"y":0,"width":1366,"height":79,"top":0,"right":1366,"bottom":79,"left":0},"eb3e6901-001a-4657":{"x":0,"y":0,"width":1366,"height":78,"top":0,"right":1366,"bottom":78,"left":0},"687ca8ad-d3b7-41fc":{"x":0,"y":0,"width":153,"height":78,"top":0,"right":153,"bottom":78,"left":0},"28adb22e-6269-4ffd":{"x":25,"y":18.5,"width":128,"height":36,"top":18.5,"right":153,"bottom":54.5,"left":25},"38992ab1-ee30-4b13":{"x":153,"y":0,"width":1099,"height":78,"top":0,"right":1252,"bottom":78,"left":153},"50f37cc6-b472-4b48":{"x":153,"y":0,"width":1099,"height":78,"top":0,"right":1252,"bottom":78,"left":153},"a64448ec-f340-4fb0":{"x":153,"y":0,"width":1099,"height":78,"top":0,"right":1252,"bottom":78,"left":153},"1da21790-a87d-4ad8":{"x":161,"y":14.625,"width":145.390625,"height":48.75,"top":14.625,"right":306.390625,"bottom":63.375,"left":161},"f331783b-216c-4708":{"x":161,"y":14.625,"width":145.390625,"height":48.75,"top":14.625,"right":306.390625,"bottom":63.375,"left":161},"1eaae495-28ab-4e77":{"x":161,"y":14.625,"width":145.390625,"height":48.75,"top":14.625,"right":306.390625,"bottom":63.375,"left":161},"eaef3ca5-cdfa-4afb":{"x":161,"y":14.625,"width":145.390625,"height":48.75,"top":14.625,"right":306.390625,"bottom":63.375,"left":161},"b69d1f3e-68ba-43cc":{"x":161,"y":14.625,"width":145.390625,"height":48.75,"top":14.625,"right":306.390625,"bottom":63.375,"left":161},"7fa59e30-dace-44d2":{"x":161,"y":14.625,"width":145.390625,"height":48.75,"top":14.625,"right":306.390625,"bottom":63.375,"left":161},"dde5f499-430f-4731":{"x":161,"y":14.625,"width":145.390625,"height":48.75,"top":14.625,"right":306.390625,"bottom":63.375,"left":161},"1456ac7b-fe93-4e76":{"x":181,"y":29.625,"width":113.390625,"height":21.75,"top":29.625,"right":294.390625,"bottom":51.375,"left":181},"fbdf4ce3-9bfc-42fd":{"x":181,"y":29.625,"width":113.390625,"height":21.75,"top":29.625,"right":294.390625,"bottom":51.375,"left":181},"59b9205c-594c-434a":{"x":181,"y":29.625,"width":97.390625,"height":21.75,"top":29.625,"right":278.390625,"bottom":51.375,"left":181},"42a55466-165c-4558":{"x":282.390625,"y":29.625,"width":12,"height":21.75,"top":29.625,"right":294.390625,"bottom":51.375,"left":282.390625},"2a004cec-3834-49e6":{"x":282.390625,"y":34.5,"width":12,"height":12,"top":34.5,"right":294.390625,"bottom":46.5,"left":282.390625},"9a9a87a2-3d34-4256":{"x":282.390625,"y":34.5,"width":12,"height":12,"top":34.5,"right":294.390625,"bottom":46.5,"left":282.390625},"aa472c02-c84e-4433":{"x":282.390625,"y":34.5,"width":12,"height":12,"top":34.5,"right":294.390625,"bottom":46.5,"left":282.390625},"60f02d1a-1601-40a3":{"x":322.390625,"y":19,"width":921.609375,"height":40,"top":19,"right":1244,"bottom":59,"left":322.390625},"d632559e-2133-4921":{"x":322.390625,"y":19,"width":921.609375,"height":40,"top":19,"right":1244,"bottom":59,"left":322.390625},"9c5ac5f5-9210-49db":{"x":322.390625,"y":19,"width":350,"height":40,"top":19,"right":672.390625,"bottom":59,"left":322.390625},"8352ef15-a71c-4230":{"x":322.390625,"y":19,"width":350,"height":40,"top":19,"right":672.390625,"bottom":59,"left":322.390625},"21d2f966-5ffe-4974":{"x":322.390625,"y":19,"width":44,"height":40,"top":19,"right":366.390625,"bottom":59,"left":322.390625},"39b05868-bdcc-4189":{"x":336.390625,"y":31,"width":16,"height":16,"top":31,"right":352.390625,"bottom":47,"left":336.390625},"3b8edc4f-4c80-4d65":{"x":336.390625,"y":31,"width":16,"height":16,"top":31,"right":352.390625,"bottom":47,"left":336.390625},"27d91717-8595-415c":{"x":336.390625,"y":31,"width":16,"height":16,"top":31,"right":352.390625,"bottom":47,"left":336.390625},"76d1ac05-3b7d-4ab4":{"x":1252,"y":0,"width":74,"height":78,"top":0,"right":1326,"bottom":78,"left":1252},"7d9ed801-4861-4a9d":{"x":1252,"y":7.5,"width":74,"height":63,"top":7.5,"right":1326,"bottom":70.5,"left":1252},"8e7355e1-8e68-4f31":{"x":1252,"y":7.5,"width":74,"height":63,"top":7.5,"right":1326,"bottom":70.5,"left":1252},"ae7a3379-6eae-4690":{"x":1252,"y":7.5,"width":74,"height":63,"top":7.5,"right":1326,"bottom":70.5,"left":1252},"2b8a8646-8de8-4196":{"x":1252,"y":7.5,"width":74,"height":63,"top":7.5,"right":1326,"bottom":70.5,"left":1252},"1c4fe57e-e9e7-48f3":{"x":1277,"y":27,"width":24,"height":24,"top":27,"right":1301,"bottom":51,"left":1277},"891ef3b8-cf82-4b54":{"x":1277,"y":27,"width":24,"height":24,"top":27,"right":1301,"bottom":51,"left":1277},"a06e1fd2-6a53-48ae":{"x":1277,"y":27,"width":24,"height":24,"top":27,"right":1301,"bottom":51,"left":1277},"e95cd965-42f4-4269":{"x":1277,"y":27,"width":24,"height":24,"top":27,"right":1301,"bottom":51,"left":1277},"9ae1ed23-7511-4437":{"x":1326,"y":0,"width":40,"height":78,"top":0,"right":1366,"bottom":78,"left":1326},"ca2690ed-47f6-4559":{"x":1326,"y":21,"width":24,"height":36,"top":21,"right":1350,"bottom":57,"left":1326},"33c2e63d-c7ce-4ab2":{"x":1326,"y":21,"width":24,"height":36,"top":21,"right":1350,"bottom":57,"left":1326},"f7e961a1-21db-46f6":{"x":1326,"y":27,"width":24,"height":24,"top":27,"right":1350,"bottom":51,"left":1326},"822bb90a-6c61-4411":{"x":1326,"y":27,"width":24,"height":24,"top":27,"right":1350,"bottom":51,"left":1326},"9c1ee5c8-f535-4577":{"x":1326,"y":27,"width":24,"height":24,"top":27,"right":1350,"bottom":51,"left":1326},"0aeb9569-c137-4215":{"x":0,"y":78,"width":1366,"height":248,"top":78,"right":1366,"bottom":326,"left":0},"3258851b-aba7-4d1d":{"x":0,"y":78,"width":1366,"height":248,"top":78,"right":1366,"bottom":326,"left":0},"1ef6d90f-b5e0-4bb0":{"x":0,"y":78,"width":1366,"height":200,"top":78,"right":1366,"bottom":278,"left":0},"31c41c55-95db-461a":{"x":0,"y":78,"width":1366,"height":200,"top":78,"right":1366,"bottom":278,"left":0},"eb59d328-7e13-46a7":{"x":0,"y":78,"width":1366,"height":200,"top":78,"right":1366,"bottom":278,"left":0},"2f096613-4dbf-4161":{"x":0,"y":78,"width":1366,"height":200,"top":78,"right":1366,"bottom":278,"left":0},"dc8b2c1f-433d-43e0":{"x":0,"y":78,"width":1366,"height":200,"top":78,"right":1366,"bottom":278,"left":0},"b36ce12f-d9b2-445d":{"x":0,"y":78,"width":1024.5,"height":200,"top":78,"right":1024.5,"bottom":278,"left":0},"53c96f88-d7a5-42c5":{"x":0,"y":78,"width":1024.5,"height":200,"top":78,"right":1024.5,"bottom":278,"left":0},"fa6b99c4-55c4-4f68":{"x":0,"y":248,"width":18.890625,"height":18.890625,"top":248,"right":18.890625,"bottom":266.890625,"left":0}}