{"035c624d-a85f-4faa":{"x":0,"y":0,"width":1349,"height":716.34375,"top":0,"right":1349,"bottom":716.34375,"left":0},"6fff43fb-0319-44cc":{"x":0,"y":0,"width":1349,"height":716.34375,"top":0,"right":1349,"bottom":716.34375,"left":0},"8bfee5e4-567d-4a59":{"x":0,"y":0,"width":1349,"height":697.453125,"top":0,"right":1349,"bottom":697.453125,"left":0},"f1e6242b-302f-493a":{"x":0,"y":0,"width":1349,"height":697.453125,"top":0,"right":1349,"bottom":697.453125,"left":0},"c88c39dc-18e2-439c":{"x":0,"y":0,"width":1349,"height":697.453125,"top":0,"right":1349,"bottom":697.453125,"left":0},"7663091f-ee5b-4c74":{"x":0,"y":0,"width":1349,"height":79,"top":0,"right":1349,"bottom":79,"left":0},"eb3e6901-001a-4657":{"x":0,"y":0,"width":1349,"height":78,"top":0,"right":1349,"bottom":78,"left":0},"687ca8ad-d3b7-41fc":{"x":0,"y":0,"width":153,"height":78,"top":0,"right":153,"bottom":78,"left":0},"28adb22e-6269-4ffd":{"x":25,"y":18.5,"width":128,"height":36,"top":18.5,"right":153,"bottom":54.5,"left":25},"16e62e39-e82f-43af":{"x":153,"y":0,"width":1156,"height":78,"top":0,"right":1309,"bottom":78,"left":153},"9ae1ed23-7511-4437":{"x":1309,"y":0,"width":40,"height":78,"top":0,"right":1349,"bottom":78,"left":1309},"ca2690ed-47f6-4559":{"x":1309,"y":21,"width":24,"height":36,"top":21,"right":1333,"bottom":57,"left":1309},"33c2e63d-c7ce-4ab2":{"x":1309,"y":21,"width":24,"height":36,"top":21,"right":1333,"bottom":57,"left":1309},"f7e961a1-21db-46f6":{"x":1309,"y":27,"width":24,"height":24,"top":27,"right":1333,"bottom":51,"left":1309},"822bb90a-6c61-4411":{"x":1309,"y":27,"width":24,"height":24,"top":27,"right":1333,"bottom":51,"left":1309},"9c1ee5c8-f535-4577":{"x":1309,"y":27,"width":24,"height":24,"top":27,"right":1333,"bottom":51,"left":1309},"0aeb9569-c137-4215":{"x":0,"y":78,"width":1349,"height":697.453125,"top":78,"right":1349,"bottom":775.453125,"left":0},"3258851b-aba7-4d1d":{"x":0,"y":78,"width":1349,"height":697.453125,"top":78,"right":1349,"bottom":775.453125,"left":0},"1ef6d90f-b5e0-4bb0":{"x":0,"y":78,"width":1349,"height":697.453125,"top":78,"right":1349,"bottom":775.453125,"left":0},"31c41c55-95db-461a":{"x":0,"y":78,"width":1349,"height":697.453125,"top":78,"right":1349,"bottom":775.453125,"left":0},"eb59d328-7e13-46a7":{"x":0,"y":78,"width":1349,"height":697.453125,"top":78,"right":1349,"bottom":775.453125,"left":0},"2f096613-4dbf-4161":{"x":0,"y":78,"width":1349,"height":697.453125,"top":78,"right":1349,"bottom":775.453125,"left":0},"8333aea3-fcde-4de1":{"x":0,"y":78,"width":1349,"height":697.453125,"top":78,"right":1349,"bottom":775.453125,"left":0},"e54f375b-d115-4a7b":{"x":0,"y":78,"width":1349,"height":697.453125,"top":78,"right":1349,"bottom":775.453125,"left":0},"d91f8bc5-6a98-498e":{"x":464.5,"y":114,"width":420,"height":645.453125,"top":114,"right":884.5,"bottom":759.453125,"left":464.5},"80086e9e-06f6-4df9":{"x":464.5,"y":114,"width":420,"height":645.453125,"top":114,"right":884.5,"bottom":759.453125,"left":464.5},"33651c4c-6003-4506":{"x":496.5,"y":146,"width":356,"height":557.453125,"top":146,"right":852.5,"bottom":703.453125,"left":496.5},"8e2e03f5-4449-41de":{"x":496.5,"y":146,"width":356,"height":557.453125,"top":146,"right":852.5,"bottom":703.453125,"left":496.5},"61fcff9f-0aef-451d":{"x":496.5,"y":146,"width":356,"height":557.453125,"top":146,"right":852.5,"bottom":703.453125,"left":496.5},"5b8e6f41-38e3-4aad":{"x":496.5,"y":146,"width":356,"height":55.96875,"top":146,"right":852.5,"bottom":201.96875,"left":496.5},"6ab3ca50-beeb-4c8d":{"x":496.5,"y":147,"width":171.6875,"height":25,"top":147,"right":668.1875,"bottom":172,"left":496.5},"fde32f5b-8a34-4ef6":{"x":496.5,"y":174.984375,"width":87.328125,"height":25,"top":174.984375,"right":583.828125,"bottom":199.984375,"left":496.5},"bbef8d7e-e39d-4071":{"x":496.5,"y":225.96875,"width":356,"height":417.484375,"top":225.96875,"right":852.5,"bottom":643.453125,"left":496.5},"c268095b-5f05-4833":{"x":496.5,"y":225.96875,"width":356,"height":241.1875,"top":225.96875,"right":852.5,"bottom":467.15625,"left":496.5},"25e4007a-eb4f-466d":{"x":496.5,"y":225.96875,"width":356,"height":74.59375,"top":225.96875,"right":852.5,"bottom":300.5625,"left":496.5},"b8ffcd9f-35d4-401a":{"x":496.5,"y":225.96875,"width":356,"height":74.59375,"top":225.96875,"right":852.5,"bottom":300.5625,"left":496.5},"b6314478-b298-4d06":{"x":496.5,"y":225.96875,"width":356,"height":62.59375,"top":225.96875,"right":852.5,"bottom":288.5625,"left":496.5},"d6a23652-9933-4d86":{"x":496.5,"y":226.96875,"width":37.53125,"height":17,"top":226.96875,"right":534.03125,"bottom":243.96875,"left":496.5},"ccd5c6da-9c52-415f":{"x":496.5,"y":246.265625,"width":356,"height":42.296875,"top":246.265625,"right":852.5,"bottom":288.5625,"left":496.5},"409640b7-9600-4188":{"x":496.5,"y":300.5625,"width":356,"height":130.59375,"top":300.5625,"right":852.5,"bottom":431.15625,"left":496.5},"8ccc3112-7a4a-4405":{"x":496.5,"y":300.5625,"width":356,"height":62.59375,"top":300.5625,"right":852.5,"bottom":363.15625,"left":496.5},"3518c508-3669-45bf":{"x":496.5,"y":301.5625,"width":65.15625,"height":17,"top":301.5625,"right":561.65625,"bottom":318.5625,"left":496.5},"6d10c056-64d2-4116":{"x":496.5,"y":320.859375,"width":356,"height":42.296875,"top":320.859375,"right":852.5,"bottom":363.15625,"left":496.5},"d7f2093c-7682-4d5d":{"x":496.5,"y":375.15625,"width":356,"height":44,"top":375.15625,"right":852.5,"bottom":419.15625,"left":496.5},"07104591-b939-45d7":{"x":496.5,"y":379.078125,"width":178,"height":24.15625,"top":379.078125,"right":674.5,"bottom":403.234375,"left":496.5},"113c74c6-e264-4cac":{"x":496.5,"y":382.9375,"width":151.78125,"height":20.296875,"top":382.9375,"right":648.28125,"bottom":403.234375,"left":496.5},"03b35690-dabc-4058":{"x":496.5,"y":383.078125,"width":20,"height":20,"top":383.078125,"right":516.5,"bottom":403.078125,"left":496.5},"b2036fea-ec6d-4613":{"x":500.5,"y":387.078125,"width":12,"height":12,"top":387.078125,"right":512.5,"bottom":399.078125,"left":500.5},"2331b66e-d41b-4619":{"x":500.5,"y":387.078125,"width":12,"height":12,"top":387.078125,"right":512.5,"bottom":399.078125,"left":500.5},"a951aeae-d5b2-49ac":{"x":500.5,"y":387.078125,"width":12,"height":12,"top":387.078125,"right":512.5,"bottom":399.078125,"left":500.5},"72d9ea6e-a6b1-42d5":{"x":524.5,"y":382.9375,"width":123.78125,"height":20.296875,"top":382.9375,"right":648.28125,"bottom":403.234375,"left":524.5},"3b47ac06-e759-45b5":{"x":743.9375,"y":375.15625,"width":108.5625,"height":36,"top":375.15625,"right":852.5,"bottom":411.15625,"left":743.9375},"f68583b2-3713-48ba":{"x":743.9375,"y":383,"width":108.5625,"height":20.296875,"top":383,"right":852.5,"bottom":403.296875,"left":743.9375},"0dca9842-68ed-451c":{"x":496.5,"y":431.15625,"width":356,"height":36,"top":431.15625,"right":852.5,"bottom":467.15625,"left":496.5},"d95a927e-6311-466e":{"x":496.5,"y":431.15625,"width":356,"height":36,"top":431.15625,"right":852.5,"bottom":467.15625,"left":496.5},"da457025-825c-4355":{"x":496.5,"y":431.15625,"width":356,"height":36,"top":431.15625,"right":852.5,"bottom":467.15625,"left":496.5},"d7f7da2c-3c43-4abb":{"x":658.5,"y":433.15625,"width":32,"height":32,"top":433.15625,"right":690.5,"bottom":465.15625,"left":658.5},"f5220d09-8d49-4d0e":{"x":508.5,"y":437.15625,"width":24,"height":24,"top":437.15625,"right":532.5,"bottom":461.15625,"left":508.5},"5f291dc4-6565-4e1b":{"x":651.65625,"y":439,"width":45.6875,"height":20.296875,"top":439,"right":697.34375,"bottom":459.296875,"left":651.65625},"5669623e-1e98-44d8":{"x":496.5,"y":479.15625,"width":356,"height":164.296875,"top":479.15625,"right":852.5,"bottom":643.453125,"left":496.5},"df334e54-0968-470c":{"x":496.5,"y":479.15625,"width":356,"height":20.296875,"top":479.15625,"right":852.5,"bottom":499.453125,"left":496.5},"0d55b4e5-c269-4983":{"x":496.5,"y":511.453125,"width":356,"height":132,"top":511.453125,"right":852.5,"bottom":643.453125,"left":496.5},"6b3ab310-9b15-40a9":{"x":496.5,"y":511.453125,"width":356,"height":48,