{"ae2e767b-b97c-41d9":{"x":0,"y":0,"width":1280,"height":432.53125,"top":0,"right":1280,"bottom":432.53125,"left":0},"d791a85d-b486-4848":{"x":0,"y":0,"width":1280,"height":400.53125,"top":0,"right":1280,"bottom":400.53125,"left":0},"96395489-9fef-447b":{"x":0,"y":0,"width":1280,"height":400.53125,"top":0,"right":1280,"bottom":400.53125,"left":0},"b5936ee4-446c-4466":{"x":160,"y":0,"width":960,"height":108.53125,"top":0,"right":1120,"bottom":108.53125,"left":160},"7ed719b7-a1e4-46c7":{"x":160,"y":0,"width":960,"height":108.53125,"top":0,"right":1120,"bottom":108.53125,"left":160},"37006c56-cc2e-4ca8":{"x":160,"y":40,"width":960,"height":43.864585876464844,"top":40,"right":1120,"bottom":83.86458587646484,"left":160},"14406022-63ff-4b1d":{"x":160,"y":40,"width":200,"height":43.864585876464844,"top":40,"right":360,"bottom":83.86458587646484,"left":160},"b3e9f979-6ecb-4577":{"x":160,"y":40,"width":199.96875,"height":43.864585876464844,"top":40,"right":359.96875,"bottom":83.86458587646484,"left":160},"bd74faed-ef46-4ca5":{"x":160,"y":40,"width":199.96875,"height":43.864585876464844,"top":40,"right":359.96875,"bottom":83.86458587646484,"left":160},"6f9e4e3e-714d-411f":{"x":191.22528076171875,"y":50.647972106933594,"width":142.6343231201172,"height":25.261974334716797,"top":50.647972106933594,"right":333.85960388183594,"bottom":75.90994644165039,"left":191.22528076171875},"851223d8-1177-4597":{"x":324.5244140625,"y":41.239768981933594,"width":7.0180463790893555,"height":7.01806640625,"top":41.239768981933594,"right":331.54246044158936,"bottom":48.257835388183594,"left":324.5244140625},"4b836e0b-98c3-4e10":{"x":357.4600830078125,"y":52.31169128417969,"width":1.48828125,"height":2.1546683311462402,"top":52.31169128417969,"right":358.9483642578125,"bottom":54.46635961532593,"left":357.4600830078125},"55cc9f87-215a-4b32":{"x":231.1564178466797,"y":40.000831604003906,"width":128.8184814453125,"height":43.8692741394043,"top":40.000831604003906,"right":359.9748992919922,"bottom":83.8701057434082,"left":231.1564178466797},"fc956c17-e90c-4137":{"x":173.98843383789062,"y":49.84910202026367,"width":13.98089599609375,"height":13.983917236328125,"top":49.84910202026367,"right":187.96932983398438,"bottom":63.8330192565918,"left":173.98843383789062},"c3032c12-572a-46cf":{"x":159.99966430664062,"y":63.82994842529297,"width":13.98414134979248,"height":13.988189697265625,"top":63.82994842529297,"right":173.9838056564331,"bottom":77.8181381225586,"left":159.99966430664062},"f86d71d9-9ef2-4cda":{"x":160.0012664794922,"y":49.84612274169922,"width":13.984090805053711,"height":13.9776611328125,"top":49.84612274169922,"right":173.9853572845459,"bottom":63.82378387451172,"left":160.0012664794922},"6b63e680-e74b-48a1":{"x":173.9853515625,"y":63.831478118896484,"width":13.964803695678711,"height":13.966451644897461,"top":63.831478118896484,"right":187.9501552581787,"bottom":77.79792976379395,"left":173.9853515625},"ad373451-7ab0-413d":{"x":164.65255737304688,"y":54.498680114746094,"width":18.66713523864746,"height":18.665599822998047,"top":54.498680114746094,"right":183.31969261169434,"bottom":73.16427993774414,"left":164.65255737304688},"0d766bb2-bf53-4669":{"x":998.125,"y":40,"width":121.875,"height":43.864585876464844,"top":40,"right":1120,"bottom":83.86458587646484,"left":998.125},"0917c4b8-aba1-4cc2":{"x":998.125,"y":49.927085876464844,"width":93.875,"height":24,"top":49.927085876464844,"right":1092,"bottom":73.92708587646484,"left":998.125},"5eca5863-076a-4872":{"x":1096,"y":49.927085876464844,"width":24,"height":24,"top":49.927085876464844,"right":1120,"bottom":73.92708587646484,"left":1096},"81049f8c-7aba-4c08":{"x":1100.5,"y":52.427085876464844,"width":15,"height":17,"top":52.427085876464844,"right":1115.5,"bottom":69.42708587646484,"left":1100.5},"b2801b61-c299-4a17":{"x":160,"y":140.53125,"width":960,"height":260,"top":140.53125,"right":1120,"bottom":400.53125,"left":160},"ed2cc736-63f6-4ddf":{"x":160,"y":140.53125,"width":960,"height":260,"top":140.53125,"right":1120,"bottom":400.53125,"left":160},"963cbdd6-ac71-4d6c":{"x":438.3958435058594,"y":140.53125,"width":403.19793701171875,"height":260,"top":140.53125,"right":841.5937805175781,"bottom":400.53125,"left":438.3958435058594},"4a3b2677-a035-4404":{"x":438.3958435058594,"y":140.53125,"width":403.19793701171875,"height":260,"top":140.53125,"right":841.5937805175781,"bottom":400.53125,"left":438.3958435058594},"ba751910-b107-4bcb":{"x":438.3958435058594,"y":140.53125,"width":403.19793701171875,"height":260,"top":140.53125,"right":841.5937805175781,"bottom":400.53125,"left":438.3958435058594},"70037fdc-c357-4dae":{"x":438.3958435058594,"y":140.53125,"width":403.19793701171875,"height":36,"top":140.53125,"right":841.5937805175781,"bottom":176.53125,"left":438.3958435058594},"639592e9-11ca-4980":{"x":438.3958435058594,"y":184.53125,"width":403.19793701171875,"height":216,"top":184.53125,"right":841.5937805175781,"bottom":400.53125,"left":438.3958435058594},"632ba3bd-f51d-41cf":{"x":438.3958435058594,"y":184.53125,"width":403.19793701171875,"height":216,"top":184.53125,"right":841.5937805175781,"bottom":400.53125,"left":438.3958435058594},"594f8544-d27f-4a84":{"x":438.3958435058594,"y":184.53125,"width":403.19793701171875,"height":48,"top":184.53125,"right":841.5937805175781,"bottom":232.53125,"left":438.3958435058594},"c5822aa1-b99f-4030":{"x":438.3958435058594,"y":184.53125,"width":403.19793701171875,"height":24,"top":184.53125,"right":841.5937805175781,"bottom":208.53125,"left":438.3958435058594},"b4b3b647-121c-4969":{"x":563.7604370117188,"y":208.53125,"width":152.46875,"height":24,"top":208.53125,"right":716.2291870117188,"bottom":232.53125,"left":563.7604370117188},"c13dd918-4ab2-4875":{"x":563.7604370117188,"y":209.1979217529297,"width":152.46875,"height":22,"top":209.1979217529297,"right":716.2291870117188,"bottom":231.1979217529297,"left":563.7604370117188},"22080a42-d6ab-4ff5":{"x":563.7604370117188,"y":209.1979217529297,"width":152.46875,"height":22,"top":209.1979217529297,"right":716.2291870117188,"bottom":231.1979217529297,"left":563.7604370117188},"edc3f2ea-041c-4175":{"x":438.3958435058594,"y":248.53125,"width":403.19793701171875,"height":48,"top":248.53125,"right":841.5937805175781,"bottom":296.53125,"left":438.3958435058594},"b77c12fb-d86a-4204":{"x":438.3958435058594,"y":248.53125,"width":403.19793701171875,"height":48,"top":248.53125,"right":841.5937805175781,"bottom":296.53125,"left":438.3958435058594},"1988d604-0dc2-46d5":{"x":438.3958435058594,"y":248.53125,"width":403.19793701171875,"height":48,"top":248.53125,"right":841.5937805175781,"bottom":296.53125,"left":438.3958435058594},"50a60f4d-5376-4633":{"x":454.3958435058594,"y":248.53125,"width":307.32293701171875,"height":48,"top":248.53125,"right":761.7187805175781,"bottom":296.53125,"left":454.3958435058594},"ad1707e0-5ac8-4ec1":{"x":769.71875,"y":248.53125,"width":71.875,"height":48,"top":248.53125,"right":841.59375,"bottom":296.53125,"left":769.71875},"f7951a35-e7ad-48be":{"x":438.3958435058594,"y":248.53125,"width":403.19793701171875,"height":48,"top":248.53125,"right":841.5937805175781,"bottom":296.53125,"left":438.3958435058594},"68976ddf-61fe-4118":{"x":450.3958435058594,"y":248.53125,"width":65.01042175292969,"height":48,"top":248.53125,"right":515.4062652587891,"bottom":296.53125,"left":450.3958435058594},"9a0ec395-2b9b-4fd1":{"x":454.3958435058594,"y":238.78125,"width":57.01041793823242,"height":19.5,"top":238.78125,"right":511.4062614440918,"bottom":258.28125,"left":454.3958435058594},"3d746853-a205-4113":{"x":438.3958435058594,"y":312.53125,"width":403.19793701171875,"height":48,"top":312.53125,"right":841.5937805175781,"bottom":360.53125,"left":438.3958435058594},"4aa760be-86d2-47d0":{"x":438.3958435058594,"y":312.53125,"width":403.19793701171875,"height":48,"top":312.53125,"right":841.5937805175781,"bottom":360.53125,"left":438.3958435058594},"7caba0bb-41a4-4f6f":{"x":438.3958435058594,"y":312.53125,"width":403.19793701171875,