{"914de84f-28b9-47d8":{"x":0,"y":0,"width":1280,"height":147.33334350585938,"top":0,"right":1280,"bottom":147.33334350585938,"left":0},"558d56fc-1982-42c9":{"x":0,"y":0,"width":1280,"height":147.33334350585938,"top":0,"right":1280,"bottom":147.33334350585938,"left":0},"d7cf2e07-258b-4481":{"x":0,"y":0,"width":1280,"height":147.33334350585938,"top":0,"right":1280,"bottom":147.33334350585938,"left":0},"d48c406d-777f-47c3":{"x":0,"y":0,"width":1280,"height":147.33334350585938,"top":0,"right":1280,"bottom":147.33334350585938,"left":0},"d6055508-5e23-4e30":{"x":0,"y":0,"width":1280,"height":147.33334350585938,"top":0,"right":1280,"bottom":147.33334350585938,"left":0},"9f7ea71b-aee2-4330":{"x":64,"y":0,"width":1152,"height":68,"top":0,"right":1216,"bottom":68,"left":64},"ac2cae74-e977-45d8":{"x":64,"y":0,"width":1152,"height":68,"top":0,"right":1216,"bottom":68,"left":64},"3a31454f-3540-460f":{"x":64,"y":0,"width":1152,"height":68,"top":0,"right":1216,"bottom":68,"left":64},"7c7a254c-492e-4e87":{"x":64,"y":10,"width":243.75,"height":48,"top":10,"right":307.75,"bottom":58,"left":64},"a3fee78d-46d9-46ac":{"x":52,"y":10,"width":85.75,"height":48,"top":10,"right":137.75,"bottom":58,"left":52},"ada435b1-3fad-412e":{"x":52,"y":10,"width":85.75,"height":48,"top":10,"right":137.75,"bottom":58,"left":52},"d5ae87c5-9bfb-471d":{"x":52,"y":10,"width":48,"height":48,"top":10,"right":100,"bottom":58,"left":52},"e42dac63-34ee-4671":{"x":64,"y":22,"width":24,"height":24,"top":22,"right":88,"bottom":46,"left":64},"d7b97961-2784-4e52":{"x":66.5,"y":27.5,"width":19,"height":13,"top":27.5,"right":85.5,"bottom":40.5,"left":66.5},"159b2df4-6866-478a":{"x":96,"y":23,"width":41.75,"height":22,"top":23,"right":137.75,"bottom":45,"left":96},"64ba8237-938c-4544":{"x":157.75,"y":17.55208396911621,"width":150,"height":32.895835876464844,"top":17.55208396911621,"right":307.75,"bottom":50.447919845581055,"left":157.75},"bee37563-a7f3-4576":{"x":157.75,"y":17.55208396911621,"width":150,"height":32.895835876464844,"top":17.55208396911621,"right":307.75,"bottom":50.447919845581055,"left":157.75},"52bfa48b-5239-4c56":{"x":157.75,"y":17.55208396911621,"width":150,"height":32.895835876464844,"top":17.55208396911621,"right":307.75,"bottom":50.447919845581055,"left":157.75},"66c6a5cc-4293-4417":{"x":157.75,"y":17.55208396911621,"width":150,"height":32.895835876464844,"top":17.55208396911621,"right":307.75,"bottom":50.447919845581055,"left":157.75},"dba8ff5c-8680-48ce":{"x":181.18283081054688,"y":25.537107467651367,"width":106.9713134765625,"height":18.945697784423828,"top":25.537107467651367,"right":288.1541442871094,"bottom":44.482805252075195,"left":181.18283081054688},"611a8e4e-58c2-4f47":{"x":281.1530456542969,"y":18.481246948242188,"width":5.2633056640625,"height":5.263332366943359,"top":18.481246948242188,"right":286.4163513183594,"bottom":23.744579315185547,"left":281.1530456542969},"9ceffc01-edd5-4553":{"x":305.853759765625,"y":26.784847259521484,"width":1.1161702871322632,"height":1.615936279296875,"top":26.784847259521484,"right":306.96993005275726,"bottom":28.40078353881836,"left":305.853759765625},"f589db21-a4d4-463a":{"x":211.1299285888672,"y":17.55208396911621,"width":96.60986328125,"height":32.900596618652344,"top":17.55208396911621,"right":307.7397918701172,"bottom":50.452680587768555,"left":211.1299285888672},"9ce652a2-391f-4bca":{"x":168.25570678710938,"y":24.93798065185547,"width":10.4852294921875,"height":10.487505912780762,"top":24.93798065185547,"right":178.74093627929688,"bottom":35.42548656463623,"left":168.25570678710938},"fe4d2b8c-8772-4364":{"x":157.76455688476562,"y":35.423179626464844,"width":10.48768138885498,"height":10.490713119506836,"top":35.423179626464844,"right":168.2522382736206,"bottom":45.91389274597168,"left":157.76455688476562},"47e0b0dc-eea5-4f51":{"x":157.76576232910156,"y":24.935745239257812,"width":10.487630844116211,"height":10.482816696166992,"top":24.935745239257812,"right":168.25339317321777,"bottom":35.418561935424805,"left":157.76576232910156},"8f9650cc-a309-44a8":{"x":168.25338745117188,"y":35.42433166503906,"width":10.473175048828125,"height":10.474401473999023,"top":35.42433166503906,"right":178.7265625,"bottom":45.898733139038086,"left":168.25338745117188},"7bcf2c75-8dcc-48c9":{"x":161.25408935546875,"y":28.42502212524414,"width":13.99976634979248,"height":13.998621940612793,"top":28.42502212524414,"right":175.25385570526123,"bottom":42.423644065856934,"left":161.25408935546875},"ad490f77-95f0-42b6":{"x":331.75,"y":0,"width":673.25,"height":68,"top":0,"right":1005,"bottom":68,"left":331.75},"81777c88-4a37-430e":{"x":331.75,"y":0,"width":673.25,"height":68,"top":0,"right":1005,"bottom":68,"left":331.75},"e5553294-aa70-4e27":{"x":331.75,"y":10,"width":673.25,"height":48,"top":10,"right":1005,"bottom":58,"left":331.75},"a637aab1-1bbe-472a":{"x":331.75,"y":10,"width":673.25,"height":48,"top":10,"right":1005,"bottom":58,"left":331.75},"dc4b9373-13f6-44a6":{"x":331.75,"y":10,"width":673.25,"height":48,"top":10,"right":1005,"bottom":58,"left":331.75},"410834e5-a770-49e3":{"x":331.75,"y":10,"width":673.25,"height":48,"top":10,"right":1005,"bottom":58,"left":331.75},"2587f592-c445-43b2":{"x":347.75,"y":20.86458396911621,"width":24,"height":26.260417938232422,"top":20.86458396911621,"right":371.75,"bottom":47.12500190734863,"left":347.75},"fa8eaa5f-de9a-4877":{"x":347.75,"y":23.125,"width":24,"height":24,"top":23.125,"right":371.75,"bottom":47.125,"left":347.75},"c76bde72-ebee-4e21":{"x":352.2300720214844,"y":27.487590789794922,"width":14.3948974609375,"height":14.42744255065918,"top":27.487590789794922,"right":366.6249694824219,"bottom":41.9150333404541,"left":352.2300720214844},"2d093aba-b2ce-49b4":{"x":379.75,"y":22,"width":609.25,"height":24,"top":22,"right":989,"bottom":46,"left":379.75},"f04b3fb9-7160-4fff":{"x":379.75,"y":22,"width":609.25,"height":24,"top":22,"right":989,"bottom":46,"left":379.75},"68b14cf4-f888-4dec":{"x":1029,"y":10,"width":187,"height":48,"top":10,"right":1216,"bottom":58,"left":1029},"5fc69922-018c-4d6d":{"x":1029,"y":10,"width":96.70833587646484,"height":48,"top":10,"right":1125.7083358764648,"bottom":58,"left":1029},"c9a435e7-545a-4110":{"x":1029,"y":10,"width":96.70833587646484,"height":48,"top":10,"right":1125.7083358764648,"bottom":58,"left":1029},"d5163020-09b9-47e7":{"x":1029,"y":10,"width":96.70833587646484,"height":48,"top":10,"right":1125.7083358764648,"bottom":58,"left":1029},"99490123-6fdb-4330":{"x":1029,"y":19,"width":30,"height":30,"top":19,"right":1059,"bottom":49,"left":1029},"c6ca22a2-91d5-4c05":{"x":1032.125,"y":22.125,"width":23.75,"height":23.75,"top":22.125,"right":1055.875,"bottom":45.875,"left":1032.125},"268b18b8-7581-4a30":{"x":1067,"y":23,"width":58.708335876464844,"height":22,"top":23,"right":1125.7083358764648,"bottom":45,"left":1067},"db0e990f-c049-4819":{"x":1145.7083740234375,"y":10,"width":70.29167175292969,"height":48,"top":10,"right":1216.0000457763672,"bottom":58,"left":1145.7083740234375},"b1031a51-2934-4b0b":{"x":1145.7083740234375,"y":19,"width":30,"height":30,"top":19,"right":1175.7083740234375,"bottom":49,"left":1145.7083740234375},"174ff496-fafb-4461":{"x":1145.7083740234375,"y":19,"width":30,"height":30,"top":19,"right":1175.7083740234375,"bottom":49,"left":1145.7083740234375},"ebd0c9ed-86d3-4ac8":{"x":1148.8333740234375,"y":22.125,"width":23.75276756286621,"height":23.125,"top":22.125,"right":1172.5861415863037,"bottom":45.25,"left":1148.8333740234375},"8d562a12-f6ee-4f10":{"x":1183.7083740234375,"y":22,"width":32.29166793823242,"height":24,"top":22,"right":1216.00004196167,"bottom":46,"left":1183.7083740234375},"3bbb0fe6-3dbf-4d50":{"x":0,"y":68,"width":1280,"height":79.33333587646484,"top":68,"right":1280,"bottom":147.33333587646484,"left":0},"818bbd84-be14-4bd1":{"x":0,"y":68.66667175292969,"width":1280,"height":78,"top":68.66667175292969,"right":1280,"bottom":146.6666717529297,"left":0},"01a4ff84-cdb7-4ea6":{"x":41.427085876464844,"y":68.66667175292969,