{"ae2e767b-b97c-41d9":{"x":0,"y":0,"width":1280,"height":388.53125,"top":0,"right":1280,"bottom":388.53125,"left":0},"d791a85d-b486-4848":{"x":0,"y":0,"width":1280,"height":356.53125,"top":0,"right":1280,"bottom":356.53125,"left":0},"96395489-9fef-447b":{"x":0,"y":0,"width":1280,"height":356.53125,"top":0,"right":1280,"bottom":356.53125,"left":0},"b5936ee4-446c-4466":{"x":160,"y":0,"width":960,"height":108.53125,"top":0,"right":1120,"bottom":108.53125,"left":160},"7ed719b7-a1e4-46c7":{"x":160,"y":0,"width":960,"height":108.53125,"top":0,"right":1120,"bottom":108.53125,"left":160},"37006c56-cc2e-4ca8":{"x":160,"y":40,"width":960,"height":43.864585876464844,"top":40,"right":1120,"bottom":83.86458587646484,"left":160},"14406022-63ff-4b1d":{"x":160,"y":40,"width":200,"height":43.864585876464844,"top":40,"right":360,"bottom":83.86458587646484,"left":160},"b3e9f979-6ecb-4577":{"x":160,"y":40,"width":199.96875,"height":43.864585876464844,"top":40,"right":359.96875,"bottom":83.86458587646484,"left":160},"bd74faed-ef46-4ca5":{"x":160,"y":40,"width":199.96875,"height":43.864585876464844,"top":40,"right":359.96875,"bottom":83.86458587646484,"left":160},"6f9e4e3e-714d-411f":{"x":191.22528076171875,"y":50.647972106933594,"width":142.6343231201172,"height":25.261974334716797,"top":50.647972106933594,"right":333.85960388183594,"bottom":75.90994644165039,"left":191.22528076171875},"851223d8-1177-4597":{"x":324.5244140625,"y":41.239768981933594,"width":7.0180463790893555,"height":7.01806640625,"top":41.239768981933594,"right":331.54246044158936,"bottom":48.257835388183594,"left":324.5244140625},"4b836e0b-98c3-4e10":{"x":357.4600830078125,"y":52.31169128417969,"width":1.48828125,"height":2.1546683311462402,"top":52.31169128417969,"right":358.9483642578125,"bottom":54.46635961532593,"left":357.4600830078125},"55cc9f87-215a-4b32":{"x":231.1564178466797,"y":40.000831604003906,"width":128.8184814453125,"height":43.8692741394043,"top":40.000831604003906,"right":359.9748992919922,"bottom":83.8701057434082,"left":231.1564178466797},"fc956c17-e90c-4137":{"x":173.98843383789062,"y":49.84910202026367,"width":13.98089599609375,"height":13.983917236328125,"top":49.84910202026367,"right":187.96932983398438,"bottom":63.8330192565918,"left":173.98843383789062},"c3032c12-572a-46cf":{"x":159.99966430664062,"y":63.82994842529297,"width":13.98414134979248,"height":13.988189697265625,"top":63.82994842529297,"right":173.9838056564331,"bottom":77.8181381225586,"left":159.99966430664062},"f86d71d9-9ef2-4cda":{"x":160.0012664794922,"y":49.84612274169922,"width":13.984090805053711,"height":13.9776611328125,"top":49.84612274169922,"right":173.9853572845459,"bottom":63.82378387451172,"left":160.0012664794922},"6b63e680-e74b-48a1":{"x":173.9853515625,"y":63.831478118896484,"width":13.964803695678711,"height":13.966451644897461,"top":63.831478118896484,"right":187.9501552581787,"bottom":77.79792976379395,"left":173.9853515625},"ad373451-7ab0-413d":{"x":164.65255737304688,"y":54.498680114746094,"width":18.66713523864746,"height":18.665599822998047,"top":54.498680114746094,"right":183.31969261169434,"bottom":73.16427993774414,"left":164.65255737304688},"0d766bb2-bf53-4669":{"x":998.125,"y":40,"width":121.875,"height":43.864585876464844,"top":40,"right":1120,"bottom":83.86458587646484,"left":998.125},"0917c4b8-aba1-4cc2":{"x":998.125,"y":49.927085876464844,"width":93.875,"height":24,"top":49.927085876464844,"right":1092,"bottom":73.92708587646484,"left":998.125},"5eca5863-076a-4872":{"x":1096,"y":49.927085876464844,"width":24,"height":24,"top":49.927085876464844,"right":1120,"bottom":73.92708587646484,"left":1096},"81049f8c-7aba-4c08":{"x":1100.5,"y":52.427085876464844,"width":15,"height":17,"top":52.427085876464844,"right":1115.5,"bottom":69.42708587646484,"left":1100.5},"b2801b61-c299-4a17":{"x":160,"y":140.53125,"width":960,"height":216,"top":140.53125,"right":1120,"bottom":356.53125,"left":160},"ed2cc736-63f6-4ddf":{"x":160,"y":140.53125,"width":960,"height":216,"top":140.53125,"right":1120,"bottom":356.53125,"left":160},"963cbdd6-ac71-4d6c":{"x":438.3958435058594,"y":140.53125,"width":403.19793701171875,"height":216,"top":140.53125,"right":841.5937805175781,"bottom":356.53125,"left":438.3958435058594},"8e622806-c067-48b6":{"x":438.3958435058594,"y":140.53125,"width":403.19793701171875,"height":216,"top":140.53125,"right":841.5937805175781,"bottom":356.53125,"left":438.3958435058594},"36ba166b-906f-4c71":{"x":438.3958435058594,"y":140.53125,"width":403.19793701171875,"height":216,"top":140.53125,"right":841.5937805175781,"bottom":356.53125,"left":438.3958435058594},"7876d7cb-a5dc-40cc":{"x":438.3958435058594,"y":140.53125,"width":403.19793701171875,"height":72,"top":140.53125,"right":841.5937805175781,"bottom":212.53125,"left":438.3958435058594},"450b4d45-3244-43d9":{"x":438.3958435058594,"y":244.53125,"width":403.19793701171875,"height":112,"top":244.53125,"right":841.5937805175781,"bottom":356.53125,"left":438.3958435058594},"6f131387-3043-4cbb":{"x":438.3958435058594,"y":244.53125,"width":403.19793701171875,"height":112,"top":244.53125,"right":841.5937805175781,"bottom":356.53125,"left":438.3958435058594},"583fd0be-b4ad-4540":{"x":438.3958435058594,"y":244.53125,"width":403.19793701171875,"height":48,"top":244.53125,"right":841.5937805175781,"bottom":292.53125,"left":438.3958435058594},"7146c155-920b-43ea":{"x":438.3958435058594,"y":244.53125,"width":403.19793701171875,"height":48,"top":244.53125,"right":841.5937805175781,"bottom":292.53125,"left":438.3958435058594},"c2e5897b-2f57-43aa":{"x":438.3958435058594,"y":244.53125,"width":403.19793701171875,"height":48,"top":244.53125,"right":841.5937805175781,"bottom":292.53125,"left":438.3958435058594},"7e3b1c5c-e103-417e":{"x":454.3958435058594,"y":244.53125,"width":331.19793701171875,"height":48,"top":244.53125,"right":785.5937805175781,"bottom":292.53125,"left":454.3958435058594},"34496580-06d6-4b1b":{"x":793.59375,"y":244.53125,"width":48,"height":48,"top":244.53125,"right":841.59375,"bottom":292.53125,"left":793.59375},"8a02210b-b219-49be":{"x":793.59375,"y":244.53125,"width":48,"height":48,"top":244.53125,"right":841.59375,"bottom":292.53125,"left":793.59375},"d29aeeb4-1f07-4e71":{"x":805.59375,"y":256.53125,"width":24,"height":24,"top":256.53125,"right":829.59375,"bottom":280.53125,"left":805.59375},"6f6788e9-5f91-465d":{"x":813.0990600585938,"y":264.03656005859375,"width":8.996175765991211,"height":8.9947509765625,"top":264.03656005859375,"right":822.095235824585,"bottom":273.03131103515625,"left":813.0990600585938},"85d8548a-4e8d-47cf":{"x":813.09228515625,"y":264.0360107421875,"width":8.996745109558105,"height":8.995280265808105,"top":264.0360107421875,"right":822.0890302658081,"bottom":273.0312910079956,"left":813.09228515625},"66ee638f-1851-4608":{"x":438.3958435058594,"y":244.53125,"width":403.19793701171875,"height":48,"top":244.53125,"right":841.5937805175781,"bottom":292.53125,"left":438.3958435058594},"79a50e9a-d127-4df6":{"x":450.3958435058594,"y":244.53125,"width":91.03125,"height":48,"top":244.53125,"right":541.4270935058594,"bottom":292.53125,"left":450.3958435058594},"b8aa30ae-75e8-452f":{"x":454.3958435058594,"y":234.78125,"width":83.03125,"height":19.5,"top":234.78125,"right":537.4270935058594,"bottom":254.28125,"left":454.3958435058594},"3b64f2ff-fed6-40af":{"x":438.3958435058594,"y":308.53125,"width":403.19793701171875,"height":48,"top":308.53125,"right":841.5937805175781,"bottom":356.53125,"left":438.3958435058594},"611c4469-6dd9-4a0d":{"x":438.3958435058594,"y":308.53125,"width":403.19793701171875,"height":48,"top":308.53125,"right":841.5937805175781,"bottom":356.53125,"left":438.3958435058594},"324a5883-f01d-481b":{"x":448.4757995605469,"y":309.73126220703125,"width":383.0380554199219,"height":45.60001754760742,"top":309.73126220703125,"right":831.5138549804688,"bottom":355.3312797546387,"left":448.4757995605469},"f653d1f0-eef4-45cc":{"x":608.84765625,"y":309.73126220703125,"width":62.294273376464844,