{"f832b1b5-8880-4251":{"x":0,"y":0,"width":1280,"height":147.33334350585938,"top":0,"right":1280,"bottom":147.33334350585938,"left":0},"73e4aeeb-a990-4692":{"x":0,"y":0,"width":1280,"height":147.33334350585938,"top":0,"right":1280,"bottom":147.33334350585938,"left":0},"457b2afc-ba04-41ac":{"x":0,"y":0,"width":1280,"height":147.33334350585938,"top":0,"right":1280,"bottom":147.33334350585938,"left":0},"b6a6b7b4-f469-488b":{"x":0,"y":0,"width":1280,"height":147.33334350585938,"top":0,"right":1280,"bottom":147.33334350585938,"left":0},"32be3d04-71c1-4fc4":{"x":0,"y":0,"width":1280,"height":147.33334350585938,"top":0,"right":1280,"bottom":147.33334350585938,"left":0},"269579cb-e316-4754":{"x":64,"y":0,"width":1152,"height":68,"top":0,"right":1216,"bottom":68,"left":64},"f2869e6f-f6a9-4bea":{"x":64,"y":0,"width":1152,"height":68,"top":0,"right":1216,"bottom":68,"left":64},"fb2cff1d-1f97-4525":{"x":64,"y":0,"width":1152,"height":68,"top":0,"right":1216,"bottom":68,"left":64},"be12942f-ba51-4b54":{"x":64,"y":10,"width":243.75,"height":48,"top":10,"right":307.75,"bottom":58,"left":64},"89cf5e3d-7555-454c":{"x":52,"y":10,"width":85.75,"height":48,"top":10,"right":137.75,"bottom":58,"left":52},"ddcf875d-037e-4a78":{"x":52,"y":10,"width":85.75,"height":48,"top":10,"right":137.75,"bottom":58,"left":52},"85a889a0-05d5-40c9":{"x":52,"y":10,"width":48,"height":48,"top":10,"right":100,"bottom":58,"left":52},"4bd0d534-c1b6-4230":{"x":64,"y":22,"width":24,"height":24,"top":22,"right":88,"bottom":46,"left":64},"b0a19afc-0a77-4b18":{"x":66.5,"y":27.5,"width":19,"height":13,"top":27.5,"right":85.5,"bottom":40.5,"left":66.5},"65ee8e14-ea27-4430":{"x":96,"y":23,"width":41.75,"height":22,"top":23,"right":137.75,"bottom":45,"left":96},"36b41270-7c6d-4a45":{"x":157.75,"y":17.55208396911621,"width":150,"height":32.895835876464844,"top":17.55208396911621,"right":307.75,"bottom":50.447919845581055,"left":157.75},"e215aa02-9e25-4981":{"x":157.75,"y":17.55208396911621,"width":150,"height":32.895835876464844,"top":17.55208396911621,"right":307.75,"bottom":50.447919845581055,"left":157.75},"2903ded5-ee2d-4d34":{"x":157.75,"y":17.55208396911621,"width":150,"height":32.895835876464844,"top":17.55208396911621,"right":307.75,"bottom":50.447919845581055,"left":157.75},"f2466eec-e76d-4836":{"x":157.75,"y":17.55208396911621,"width":150,"height":32.895835876464844,"top":17.55208396911621,"right":307.75,"bottom":50.447919845581055,"left":157.75},"94dddae1-b5fa-4cc3":{"x":181.18283081054688,"y":25.537107467651367,"width":106.9713134765625,"height":18.945697784423828,"top":25.537107467651367,"right":288.1541442871094,"bottom":44.482805252075195,"left":181.18283081054688},"85217167-8702-4eac":{"x":281.1530456542969,"y":18.481246948242188,"width":5.2633056640625,"height":5.263332366943359,"top":18.481246948242188,"right":286.4163513183594,"bottom":23.744579315185547,"left":281.1530456542969},"be705bf6-5454-4a7a":{"x":305.853759765625,"y":26.784847259521484,"width":1.1161702871322632,"height":1.615936279296875,"top":26.784847259521484,"right":306.96993005275726,"bottom":28.40078353881836,"left":305.853759765625},"11379f5c-e913-4c06":{"x":211.1299285888672,"y":17.55208396911621,"width":96.60986328125,"height":32.900596618652344,"top":17.55208396911621,"right":307.7397918701172,"bottom":50.452680587768555,"left":211.1299285888672},"9344a415-6861-4cdb":{"x":168.25570678710938,"y":24.93798065185547,"width":10.4852294921875,"height":10.487505912780762,"top":24.93798065185547,"right":178.74093627929688,"bottom":35.42548656463623,"left":168.25570678710938},"1e5497e3-829c-48fd":{"x":157.76455688476562,"y":35.423179626464844,"width":10.48768138885498,"height":10.490713119506836,"top":35.423179626464844,"right":168.2522382736206,"bottom":45.91389274597168,"left":157.76455688476562},"d752e948-faa5-43f6":{"x":157.76576232910156,"y":24.935745239257812,"width":10.487630844116211,"height":10.482816696166992,"top":24.935745239257812,"right":168.25339317321777,"bottom":35.418561935424805,"left":157.76576232910156},"1acee63d-1ba0-41f1":{"x":168.25338745117188,"y":35.42433166503906,"width":10.473175048828125,"height":10.474401473999023,"top":35.42433166503906,"right":178.7265625,"bottom":45.898733139038086,"left":168.25338745117188},"128ea9f7-1279-4a61":{"x":161.25408935546875,"y":28.42502212524414,"width":13.99976634979248,"height":13.998621940612793,"top":28.42502212524414,"right":175.25385570526123,"bottom":42.423644065856934,"left":161.25408935546875},"3cdfcf79-1166-4312":{"x":331.75,"y":0,"width":673.25,"height":68,"top":0,"right":1005,"bottom":68,"left":331.75},"4a1dc899-8e6d-41ae":{"x":331.75,"y":0,"width":673.25,"height":68,"top":0,"right":1005,"bottom":68,"left":331.75},"290d59e3-4f1a-4b84":{"x":331.75,"y":10,"width":673.25,"height":48,"top":10,"right":1005,"bottom":58,"left":331.75},"a1070c8d-6842-4358":{"x":331.75,"y":10,"width":673.25,"height":48,"top":10,"right":1005,"bottom":58,"left":331.75},"1988adf2-4397-4dbb":{"x":331.75,"y":10,"width":673.25,"height":48,"top":10,"right":1005,"bottom":58,"left":331.75},"88c2559e-8743-4345":{"x":331.75,"y":10,"width":673.25,"height":48,"top":10,"right":1005,"bottom":58,"left":331.75},"14972aa3-d34e-4a86":{"x":347.75,"y":20.86458396911621,"width":24,"height":26.260417938232422,"top":20.86458396911621,"right":371.75,"bottom":47.12500190734863,"left":347.75},"6a6b22dc-e926-4130":{"x":347.75,"y":23.125,"width":24,"height":24,"top":23.125,"right":371.75,"bottom":47.125,"left":347.75},"fecd74cc-82da-4d6e":{"x":352.2300720214844,"y":27.487590789794922,"width":14.3948974609375,"height":14.42744255065918,"top":27.487590789794922,"right":366.6249694824219,"bottom":41.9150333404541,"left":352.2300720214844},"a2561dbc-1962-4a73":{"x":379.75,"y":22,"width":609.25,"height":24,"top":22,"right":989,"bottom":46,"left":379.75},"0b2b2df3-a561-4996":{"x":379.75,"y":22,"width":609.25,"height":24,"top":22,"right":989,"bottom":46,"left":379.75},"11d1254f-267e-438f":{"x":1029,"y":10,"width":187,"height":48,"top":10,"right":1216,"bottom":58,"left":1029},"6db0a10e-86dc-43c6":{"x":1029,"y":10,"width":96.70833587646484,"height":48,"top":10,"right":1125.7083358764648,"bottom":58,"left":1029},"3e0abfd4-c6d6-4e1c":{"x":1029,"y":10,"width":96.70833587646484,"height":48,"top":10,"right":1125.7083358764648,"bottom":58,"left":1029},"ebea0654-ec76-4f23":{"x":1029,"y":10,"width":96.70833587646484,"height":48,"top":10,"right":1125.7083358764648,"bottom":58,"left":1029},"4f79b6e2-357e-4436":{"x":1029,"y":19,"width":30,"height":30,"top":19,"right":1059,"bottom":49,"left":1029},"713e06f8-1bae-4355":{"x":1032.125,"y":22.125,"width":23.75,"height":23.75,"top":22.125,"right":1055.875,"bottom":45.875,"left":1032.125},"2f80a02e-ab6a-4086":{"x":1067,"y":23,"width":58.708335876464844,"height":22,"top":23,"right":1125.7083358764648,"bottom":45,"left":1067},"ffb27ba0-7240-4c3c":{"x":1145.7083740234375,"y":10,"width":70.29167175292969,"height":48,"top":10,"right":1216.0000457763672,"bottom":58,"left":1145.7083740234375},"128e3b9b-ee7d-429c":{"x":1145.7083740234375,"y":19,"width":30,"height":30,"top":19,"right":1175.7083740234375,"bottom":49,"left":1145.7083740234375},"4d6a394f-ba71-44b2":{"x":1145.7083740234375,"y":19,"width":30,"height":30,"top":19,"right":1175.7083740234375,"bottom":49,"left":1145.7083740234375},"cc8c3218-3a13-45c2":{"x":1148.8333740234375,"y":22.125,"width":23.75276756286621,"height":23.125,"top":22.125,"right":1172.5861415863037,"bottom":45.25,"left":1148.8333740234375},"42594639-e9de-4557":{"x":1183.7083740234375,"y":22,"width":32.29166793823242,"height":24,"top":22,"right":1216.00004196167,"bottom":46,"left":1183.7083740234375},"291a5c6f-15d5-40e8":{"x":0,"y":68,"width":1280,"height":79.33333587646484,"top":68,"right":1280,"bottom":147.33333587646484,"left":0},"d0ef4314-aaf3-4660":{"x":0,"y":68.66667175292969,"width":1280,"height":78,"top":68.66667175292969,"right":1280,"bottom":146.6666717529297,"left":0},"25a4e9a3-5caf-4367":{"x":41.427085876464844,"y":68.66667175292969,