{"84739d25-3074-4c96":{"x":0,"y":0,"width":1366,"height":657,"top":0,"right":1366,"bottom":657,"left":0},"4387f6e8-ad17-4b17":{"x":0,"y":0,"width":1366,"height":657,"top":0,"right":1366,"bottom":657,"left":0},"8dfbf13d-ac76-4200":{"x":0,"y":0,"width":1366,"height":657,"top":0,"right":1366,"bottom":657,"left":0},"042fb40d-f646-4bff":{"x":0,"y":0,"width":1366,"height":657,"top":0,"right":1366,"bottom":657,"left":0},"0637c016-d70b-49b2":{"x":594.21875,"y":228,"width":177.5625,"height":201,"top":228,"right":771.78125,"bottom":429,"left":594.21875},"cf40cb2f-13b5-4af3":{"x":594.21875,"y":228,"width":177.5625,"height":140,"top":228,"right":771.78125,"bottom":368,"left":594.21875},"866b221a-746d-4277":{"x":613,"y":228,"width":140,"height":140,"top":228,"right":753,"bottom":368,"left":613},"ad4c7a9a-94ea-4c2c":{"x":594.21875,"y":388,"width":177.5625,"height":21,"top":388,"right":771.78125,"bottom":409,"left":594.21875},"583b5095-cf02-401b":{"x":753.59375,"y":389,"width":18.1875,"height":20,"top":389,"right":771.78125,"bottom":409,"left":753.59375}}