{"e1bef64d-4b4d-4784":{"x":0,"y":0,"width":1366,"height":657,"top":0,"right":1366,"bottom":657,"left":0},"1d18a613-cf59-4387":{"x":0,"y":0,"width":1366,"height":657,"top":0,"right":1366,"bottom":657,"left":0},"0c324493-260e-4b22":{"x":0,"y":0,"width":1366,"height":657,"top":0,"right":1366,"bottom":657,"left":0},"6f88c209-b5bd-4470":{"x":0,"y":0,"width":1366,"height":657,"top":0,"right":1366,"bottom":657,"left":0},"0746e84b-7672-4afb":{"x":0,"y":0,"width":1366,"height":657,"top":0,"right":1366,"bottom":657,"left":0},"e57adf15-5f0e-4dd9":{"x":0,"y":76,"width":1366,"height":505,"top":76,"right":1366,"bottom":581,"left":0},"73d5d679-8646-4036":{"x":619.372314453125,"y":79.15373992919922,"width":127.25543212890625,"height":38.69252014160156,"top":79.15373992919922,"right":746.6277465820312,"bottom":117.84626007080078,"left":619.372314453125},"56ad1567-71b0-44a6":{"x":619.372314453125,"y":79.15373992919922,"width":127.25543212890625,"height":34.393348693847656,"top":79.15373992919922,"right":746.6277465820312,"bottom":113.54708862304688,"left":619.372314453125},"ee914330-c133-42e9":{"x":619.816162109375,"y":79.15357971191406,"width":124.8436279296875,"height":34.392616271972656,"top":79.15357971191406,"right":744.6597900390625,"bottom":113.54619598388672,"left":619.816162109375},"160d5bb6-c8c4-48fd":{"x":251,"y":181,"width":864,"height":400,"top":181,"right":1115,"bottom":581,"left":251},"9b737d85-93de-4188":{"x":241.10887145996094,"y":166.86981201171875,"width":299.7822265625,"height":428.2603759765625,"top":166.86981201171875,"right":540.8910980224609,"bottom":595.1301879882812,"left":241.10887145996094},"a3731b69-d74f-4fe1":{"x":275.36968994140625,"y":201.13064575195312,"width":231.2606201171875,"height":29.978225708007812,"top":201.13064575195312,"right":506.63031005859375,"bottom":231.10887145996094,"left":275.36968994140625},"85449942-ad66-41c2":{"x":275.36968994140625,"y":201.13064575195312,"width":90.20236206054688,"height":29.978225708007812,"top":201.13064575195312,"right":365.5720520019531,"bottom":231.10887145996094,"left":275.36968994140625},"b1d6ebdd-a358-403d":{"x":485.21728515625,"y":203.27194213867188,"width":21.41302490234375,"height":21.41302490234375,"top":203.27194213867188,"right":506.63031005859375,"bottom":224.68496704101562,"left":485.21728515625},"eae9d285-3551-452e":{"x":495.9237976074219,"y":207.7329864501953,"width":6.245452880859375,"height":12.490921020507812,"top":207.7329864501953,"right":502.16925048828125,"bottom":220.22390747070312,"left":495.9237976074219},"e2afe649-e9ee-41d1":{"x":275.36968994140625,"y":243.95668029785156,"width":231.2606201171875,"height":77.08686828613281,"top":243.95668029785156,"right":506.63031005859375,"bottom":321.0435485839844,"left":275.36968994140625},"f2319adb-f76b-4077":{"x":529.4439697265625,"y":161.63426208496094,"width":307.112060546875,"height":438.7314453125,"top":161.63426208496094,"right":836.5560302734375,"bottom":600.3657073974609,"left":529.4439697265625},"d6a9af52-f1a2-448d":{"x":564.54248046875,"y":196.7327880859375,"width":236.9150390625,"height":30.711196899414062,"top":196.7327880859375,"right":801.45751953125,"bottom":227.44398498535156,"left":564.54248046875},"c86de74f-c8e3-4218":{"x":564.54248046875,"y":196.7327880859375,"width":74.6357421875,"height":30.711196899414062,"top":196.7327880859375,"right":639.17822265625,"bottom":227.44398498535156,"left":564.54248046875},"cea36375-bf31-4ce8":{"x":779.5209350585938,"y":198.9264373779297,"width":21.93658447265625,"height":21.936569213867188,"top":198.9264373779297,"right":801.45751953125,"bottom":220.86300659179688,"left":779.5209350585938},"2888fa8e-5f0f-475f":{"x":790.4891967773438,"y":203.49655151367188,"width":6.39813232421875,"height":12.796340942382812,"top":203.49655151367188,"right":796.8873291015625,"bottom":216.2928924560547,"left":790.4891967773438},"8ba46bc2-ac4e-41e7":{"x":564.54248046875,"y":240.60592651367188,"width":236.9150390625,"height":78.97164916992188,"top":240.60592651367188,"right":801.45751953125,"bottom":319.57757568359375,"left":564.54248046875},"fc0d365b-55cf-4d62":{"x":821,"y":161,"width":308,"height":440,"top":161,"right":1129,"bottom":601,"left":821},"33233c5b-7f16-48b8":{"x":856.2000122070312,"y":196.1999969482422,"width":237.60003662109375,"height":30.800003051757812,"top":196.1999969482422,"right":1093.800048828125,"bottom":227,"left":856.2000122070312},"7122d559-6ac0-4795":{"x":856.2000122070312,"y":196.1999969482422,"width":41.43902587890625,"height":30.800003051757812,"top":196.1999969482422,"right":897.6390380859375,"bottom":227,"left":856.2000122070312},"eaf244f9-d8ca-42f4":{"x":1071.800048828125,"y":198.39999389648438,"width":22,"height":22,"top":198.39999389648438,"right":1093.800048828125,"bottom":220.39999389648438,"left":1071.800048828125},"373a4052-c9f9-4e3f":{"x":1082.800048828125,"y":202.98333740234375,"width":6.4166259765625,"height":12.833328247070312,"top":202.98333740234375,"right":1089.2166748046875,"bottom":215.81666564941406,"left":1082.800048828125},"ea0331de-4918-4de5":{"x":856.2000122070312,"y":240.20001220703125,"width":237.60003662109375,"height":79.20001220703125,"top":240.20001220703125,"right":1093.800048828125,"bottom":319.4000244140625,"left":856.2000122070312}}