{"e1bef64d-4b4d-4784":{"x":0,"y":0,"width":1366,"height":657,"top":0,"right":1366,"bottom":657,"left":0},"1d18a613-cf59-4387":{"x":0,"y":0,"width":1366,"height":657,"top":0,"right":1366,"bottom":657,"left":0},"0c324493-260e-4b22":{"x":0,"y":0,"width":1366,"height":657,"top":0,"right":1366,"bottom":657,"left":0},"6f88c209-b5bd-4470":{"x":0,"y":0,"width":1366,"height":657,"top":0,"right":1366,"bottom":657,"left":0},"0746e84b-7672-4afb":{"x":0,"y":0,"width":1366,"height":657,"top":0,"right":1366,"bottom":657,"left":0},"e57adf15-5f0e-4dd9":{"x":0,"y":76,"width":1366,"height":505,"top":76,"right":1366,"bottom":581,"left":0},"73d5d679-8646-4036":{"x":609,"y":76,"width":148,"height":45,"top":76,"right":757,"bottom":121,"left":609},"56ad1567-71b0-44a6":{"x":609,"y":76,"width":148,"height":40,"top":76,"right":757,"bottom":116,"left":609},"ee914330-c133-42e9":{"x":609.5162353515625,"y":75.99981689453125,"width":145.19500732421875,"height":39.9991455078125,"top":75.99981689453125,"right":754.7112426757812,"bottom":115.99896240234375,"left":609.5162353515625},"160d5bb6-c8c4-48fd":{"x":251,"y":181,"width":864,"height":400,"top":181,"right":1115,"bottom":581,"left":251},"9b737d85-93de-4188":{"x":251,"y":181,"width":280,"height":400,"top":181,"right":531,"bottom":581,"left":251},"a3731b69-d74f-4fe1":{"x":283,"y":213,"width":216,"height":28,"top":213,"right":499,"bottom":241,"left":283},"85449942-ad66-41c2":{"x":283,"y":213,"width":84.25,"height":28,"top":213,"right":367.25,"bottom":241,"left":283},"b1d6ebdd-a358-403d":{"x":479,"y":215,"width":20,"height":20,"top":215,"right":499,"bottom":235,"left":479},"eae9d285-3551-452e":{"x":489,"y":219.1666717529297,"width":5.833343505859375,"height":11.666656494140625,"top":219.1666717529297,"right":494.8333435058594,"bottom":230.8333282470703,"left":489},"e2afe649-e9ee-41d1":{"x":283,"y":253,"width":216,"height":72,"top":253,"right":499,"bottom":325,"left":283},"f2319adb-f76b-4077":{"x":543,"y":181,"width":280,"height":400,"top":181,"right":823,"bottom":581,"left":543},"d6a9af52-f1a2-448d":{"x":575,"y":213,"width":216,"height":28,"top":213,"right":791,"bottom":241,"left":575},"c86de74f-c8e3-4218":{"x":575,"y":213,"width":68.046875,"height":28,"top":213,"right":643.046875,"bottom":241,"left":575},"cea36375-bf31-4ce8":{"x":771,"y":215,"width":20,"height":20,"top":215,"right":791,"bottom":235,"left":771},"2888fa8e-5f0f-475f":{"x":781,"y":219.1666717529297,"width":5.83331298828125,"height":11.666656494140625,"top":219.1666717529297,"right":786.8333129882812,"bottom":230.8333282470703,"left":781},"8ba46bc2-ac4e-41e7":{"x":575,"y":253,"width":216,"height":72,"top":253,"right":791,"bottom":325,"left":575},"fc0d365b-55cf-4d62":{"x":835,"y":181,"width":280,"height":400,"top":181,"right":1115,"bottom":581,"left":835},"33233c5b-7f16-48b8":{"x":867,"y":213,"width":216,"height":28,"top":213,"right":1083,"bottom":241,"left":867},"7122d559-6ac0-4795":{"x":867,"y":213,"width":37.671875,"height":28,"top":213,"right":904.671875,"bottom":241,"left":867},"eaf244f9-d8ca-42f4":{"x":1063,"y":215,"width":20,"height":20,"top":215,"right":1083,"bottom":235,"left":1063},"373a4052-c9f9-4e3f":{"x":1073,"y":219.1666717529297,"width":5.8333740234375,"height":11.666656494140625,"top":219.1666717529297,"right":1078.8333740234375,"bottom":230.8333282470703,"left":1073},"ea0331de-4918-4de5":{"x":867,"y":253,"width":216,"height":72,"top":253,"right":1083,"bottom":325,"left":867}}