{"8f2a8bbe-574f-4193":{"x":0,"y":0,"width":1366,"height":657,"top":0,"right":1366,"bottom":657,"left":0},"e28737f3-cbf8-41f8":{"x":0,"y":0,"width":1366,"height":657,"top":0,"right":1366,"bottom":657,"left":0},"0365a2c9-9ddc-43fc":{"x":0,"y":0,"width":1366,"height":657,"top":0,"right":1366,"bottom":657,"left":0},"d3837ca8-d582-4a6a":{"x":0,"y":0,"width":1366,"height":657,"top":0,"right":1366,"bottom":657,"left":0},"857459ab-2988-43ce":{"x":0,"y":0,"width":1366,"height":657,"top":0,"right":1366,"bottom":657,"left":0},"dc224488-a5d4-49ee":{"x":0,"y":0,"width":1366,"height":657,"top":0,"right":1366,"bottom":657,"left":0},"5f0369eb-8ec3-4d23":{"x":0,"y":0,"width":1366,"height":657,"top":0,"right":1366,"bottom":657,"left":0},"bf955c14-c698-450a":{"x":0,"y":0,"width":1366,"height":657,"top":0,"right":1366,"bottom":657,"left":0},"3dc2c921-4d65-4978":{"x":0,"y":597,"width":1366,"height":60,"top":597,"right":1366,"bottom":657,"left":0},"f9341243-9fd0-41a5":{"x":0,"y":605,"width":1366,"height":52,"top":605,"right":1366,"bottom":657,"left":0},"e00b46c7-c31a-4c30":{"x":350.515625,"y":617,"width":664.96875,"height":15,"top":617,"right":1015.484375,"bottom":632,"left":350.515625},"1b3b2677-983d-4e86":{"x":882.796875,"y":617,"width":132.6875,"height":15,"top":617,"right":1015.484375,"bottom":632,"left":882.796875}}