{"7640f80e-d66b-47c0":{"x":0,"y":0,"width":1349,"height":753,"top":0,"right":1349,"bottom":753,"left":0},"be83f53a-f329-41cb":{"x":0,"y":96,"width":1349,"height":657,"top":96,"right":1349,"bottom":753,"left":0},"75454bd9-0af2-42e0":{"x":0,"y":96,"width":1349,"height":657,"top":96,"right":1349,"bottom":753,"left":0},"5d6a6186-cf17-40c3":{"x":0,"y":96,"width":1349,"height":657,"top":96,"right":1349,"bottom":753,"left":0},"65bd487b-2c08-44a2":{"x":0,"y":0,"width":1349,"height":96,"top":0,"right":1349,"bottom":96,"left":0},"2843ec0c-7780-41ef":{"x":0,"y":0,"width":1349,"height":96,"top":0,"right":1349,"bottom":96,"left":0},"2caff84f-dbf6-44fb":{"x":0,"y":0,"width":1349,"height":96,"top":0,"right":1349,"bottom":96,"left":0},"99c1c319-164b-4a8d":{"x":0,"y":0,"width":1349,"height":96,"top":0,"right":1349,"bottom":96,"left":0},"0d06fabc-5b8b-4f8a":{"x":0,"y":0,"width":1349,"height":48,"top":0,"right":1349,"bottom":48,"left":0},"ab38e7da-867e-4091":{"x":96,"y":14,"width":160,"height":20,"top":14,"right":256,"bottom":34,"left":96},"dcf234b8-3944-46ab":{"x":96,"y":14,"width":78.84375,"height":20,"top":14,"right":174.84375,"bottom":34,"left":96},"28b67648-23a9-4bdb":{"x":276,"y":12.75,"width":672.140625,"height":22.5,"top":12.75,"right":948.140625,"bottom":35.25,"left":276},"3f302f7c-5749-478c":{"x":276,"y":12.75,"width":672.140625,"height":22.5,"top":12.75,"right":948.140625,"bottom":35.25,"left":276},"6d7db767-9078-4616":{"x":276,"y":12.75,"width":672.140625,"height":22.5,"top":12.75,"right":948.140625,"bottom":35.25,"left":276},"daa44b6a-1946-4cbf":{"x":276,"y":12.75,"width":82.5,"height":22.5,"top":12.75,"right":358.5,"bottom":35.25,"left":276},"28136aa4-297c-4c65":{"x":276,"y":12.75,"width":82.5,"height":22.5,"top":12.75,"right":358.5,"bottom":35.25,"left":276},"f3eae1f5-cc7e-4b1e":{"x":276,"y":12.75,"width":58.5,"height":22.5,"top":12.75,"right":334.5,"bottom":35.25,"left":276},"c2efce61-1281-4e6f":{"x":338.5,"y":14,"width":20,"height":20,"top":14,"right":358.5,"bottom":34,"left":338.5},"2352637d-c1d8-4994":{"x":343.5004577636719,"y":20.98390007019043,"width":10.015045166015625,"height":6.015619277954102,"top":20.98390007019043,"right":353.5155029296875,"bottom":26.99951934814453,"left":343.5004577636719},"9f38e6d8-daa6-4b0c":{"x":390.5,"y":12.75,"width":101.21875,"height":22.5,"top":12.75,"right":491.71875,"bottom":35.25,"left":390.5},"37ad77a2-6622-451c":{"x":390.5,"y":12.75,"width":101.21875,"height":22.5,"top":12.75,"right":491.71875,"bottom":35.25,"left":390.5},"81edd70a-9ec2-4faf":{"x":390.5,"y":12.75,"width":77.21875,"height":22.5,"top":12.75,"right":467.71875,"bottom":35.25,"left":390.5},"6557f1fc-fdba-4279":{"x":471.71875,"y":14,"width":20,"height":20,"top":14,"right":491.71875,"bottom":34,"left":471.71875},"32b438bc-625c-479c":{"x":476.7192077636719,"y":20.98390007019043,"width":10.015045166015625,"height":6.015619277954102,"top":20.98390007019043,"right":486.7342529296875,"bottom":26.99951934814453,"left":476.7192077636719},"6cde171e-7ca0-41ef":{"x":523.71875,"y":12.75,"width":160.5,"height":22.5,"top":12.75,"right":684.21875,"bottom":35.25,"left":523.71875},"99f00e93-b8a4-4e76":{"x":523.71875,"y":12.75,"width":160.5,"height":22.5,"top":12.75,"right":684.21875,"bottom":35.25,"left":523.71875},"86c37da1-8e2a-4e6b":{"x":523.71875,"y":12.75,"width":136.5,"height":22.5,"top":12.75,"right":660.21875,"bottom":35.25,"left":523.71875},"a8ccdf81-1488-4834":{"x":664.21875,"y":14,"width":20,"height":20,"top":14,"right":684.21875,"bottom":34,"left":664.21875},"39426da1-5399-4715":{"x":669.21923828125,"y":20.98390007019043,"width":10.0150146484375,"height":6.015619277954102,"top":20.98390007019043,"right":679.2342529296875,"bottom":26.99951934814453,"left":669.21923828125},"1aafe502-2543-4028":{"x":716.21875,"y":12.75,"width":81.296875,"height":22.5,"top":12.75,"right":797.515625,"bottom":35.25,"left":716.21875},"540881f1-0739-4c11":{"x":716.21875,"y":13.75,"width":81.296875,"height":19,"top":13.75,"right":797.515625,"bottom":32.75,"left":716.21875},"e1090d39-1486-47c1":{"x":968.140625,"y":7.984375,"width":284.859375,"height":32.015625,"top":7.984375,"right":1253,"bottom":40,"left":968.140625},"e8d1dc5c-d623-4237":{"x":968.140625,"y":7.984375,"width":89.078125,"height":32.015625,"top":7.984375,"right":1057.21875,"bottom":40,"left":968.140625},"0f796618-dad4-49c3":{"x":980.140625,"y":13.984375,"width":65.078125,"height":20.015625,"top":13.984375,"right":1045.21875,"bottom":34,"left":980.140625},"2d4c43ac-4022-4c0d":{"x":992.140625,"y":13.984375,"width":41.078125,"height":20.015625,"top":13.984375,"right":1033.21875,"bottom":34,"left":992.140625},"9324df97-a251-417a":{"x":1029.21875,"y":15.984375,"width":16,"height":16,"top":15.984375,"right":1045.21875,"bottom":31.984375,"left":1029.21875},"0cc92d00-79ba-4547":{"x":1032.075927734375,"y":19.412946701049805,"width":10.28564453125,"height":8.571428298950195,"top":19.412946701049805,"right":1042.361572265625,"bottom":27.984375,"left":1032.075927734375},"112cdd07-cce4-4a17":{"x":1032.075927734375,"y":19.412946701049805,"width":10.28564453125,"height":8.571428298950195,"top":19.412946701049805,"right":1042.361572265625,"bottom":27.984375,"left":1032.075927734375},"2d649d59-8a20-4a0d":{"x":1073.21875,"y":7.984375,"width":179.78125,"height":32.015625,"top":7.984375,"right":1253,"bottom":40,"left":1073.21875},"3eda6ab6-9932-4b72":{"x":1085.21875,"y":13.984375,"width":155.78125,"height":20.015625,"top":13.984375,"right":1241,"bottom":34,"left":1085.21875},"26c30073-c204-4678":{"x":1097.21875,"y":13.984375,"width":131.78125,"height":20.015625,"top":13.984375,"right":1229,"bottom":34,"left":1097.21875},"a4870b54-c79d-4cf9":{"x":1225,"y":15.984375,"width":16,"height":16,"top":15.984375,"right":1241,"bottom":31.984375,"left":1225},"a2bcc6cd-868d-434a":{"x":1227.857177734375,"y":19.412946701049805,"width":10.28564453125,"height":8.571428298950195,"top":19.412946701049805,"right":1238.142822265625,"bottom":27.984375,"left":1227.857177734375},"14b6ff69-4aa9-4db1":{"x":1227.857177734375,"y":19.412946701049805,"width":10.28564453125,"height":8.571428298950195,"top":19.412946701049805,"right":1238.142822265625,"bottom":27.984375,"left":1227.857177734375},"aa3c5264-61e3-4e1d":{"x":0,"y":48,"width":1349,"height":48,"top":48,"right":1349,"bottom":96,"left":0},"b30cfd9c-c056-469e":{"x":96,"y":62,"width":160,"height":20,"top":62,"right":256,"bottom":82,"left":96},"d2d04ac1-417b-4ae6":{"x":96,"y":62,"width":117.671875,"height":20,"top":62,"right":213.671875,"bottom":82,"left":96},"15e031d4-7baa-450d":{"x":96,"y":62,"width":117.671875,"height":20,"top":62,"right":213.671875,"bottom":82,"left":96},"e68f95b4-3d3f-4f1f":{"x":256,"y":48,"width":997,"height":48,"top":48,"right":1253,"bottom":96,"left":256},"26b0abcf-2af4-4ccd":{"x":256,"y":48,"width":997,"height":48,"top":48,"right":1253,"bottom":96,"left":256},"693afefa-9d68-4e5c":{"x":276,"y":48,"width":62.109375,"height":48,"top":48,"right":338.109375,"bottom":96,"left":276},"c1e09fe1-2c52-4538":{"x":276,"y":60.75,"width":62.109375,"height":22.5,"top":60.75,"right":338.109375,"bottom":83.25,"left":276},"94ec049d-1883-4dd6":{"x":362.109375,"y":48,"width":53.453125,"height":48,"top":48,"right":415.5625,"bottom":96,"left":362.109375},"845467c1-8004-4e6d":{"x":362.109375,"y":60.75,"width":53.453125,"height":22.5,"top":60.75,"right":415.5625,"bottom":83.25,"left":362.109375},"474ea896-95f3-4bd0":{"x":439.5625,"y":48,"width":45.421875,"height":48,"top":48,"right":484.984375,"bottom":96,"left":439.5625},"9ea0053a-6f22-44c7":{"x":439.5625,"y":60.75,"width":45.421875,"height":22.5,"top":60.75,"right":484.984375,"bottom":83.25,"left":439.5625},"4d9ebfd4-95a8-48d1":{"x":508.984375,"y":48,"width":43.46875,"height":48,"top":48,"right":552.453125,"bottom":96,"left":508.984375},"5f718f0a-56f2-4574":{"x":508.984375,"y":60.75,"width":43.46875,"height":22.5,"top":60.75,"right":552.453125,"bottom":83.25,"left":508.984375},"ba1d6509-a3c8-4cce":{"x":576.453125,"y":48,"width":67.15625,"height":48,"top":48,